activity_id,y_true,y_pred,split
DE-1-198966426,1.0,2.7293181858347912,train
DE-1-199165481,3.0,2.8027889601914864,train
DE-1-199465550,4.0,2.769896760368354,train
DE-1-199365842,5.0,3.5126921056768543,train
DE-1-199665472,2.0,2.6864989498385157,train
DE-1-199765322,4.0,3.0132480930237895,train
DE-1-199765165,5.0,3.4267578052652516,train
44000-P006043,3.0,2.5328274281221645,train
DE-1-199865072,2.0,3.404005615683378,train
DE-1-199665779,4.0,3.2639314492909888,train
XM-DAC-46004-31287-013-GRNT3477,4.0,3.6233162953092832,train
44000-P045499,3.0,2.625254205671411,train
DE-1-199865197,1.0,2.714357621830308,train
DE-1-199865726,3.0,3.091553128755995,train
DE-1-199865940,3.0,3.285990731128113,train
DE-1-199966706,4.0,3.4105565876321235,train
DE-1-199966268,4.0,3.676397780948518,train
DE-1-199966698,4.0,3.608691450941908,train
44000-P073089,4.0,2.8472605266954316,train
44000-P040907,3.0,2.738299317429106,train
DE-1-199965542,2.0,3.4550814456873584,train
DE-1-200065318,2.0,2.8437141678902833,train
DE-1-199965328,2.0,2.8527548286406295,train
44000-P050653,3.0,2.709270671220668,train
DE-1-200066258,4.0,3.6884640869257352,train
DE-1-200066183,3.0,3.452269447768936,train
44000-P056018,4.0,2.8467271695416843,train
44000-P066396,4.0,3.092528741793825,train
44000-P074288,3.0,2.5664117176023713,train
DE-1-200165613,2.0,3.3318075736140407,train
DE-1-199865676,3.0,3.5662979181248664,train
44000-P065256,1.0,2.4623363927989814,train
44000-P049395,2.0,2.74616302509564,train
DE-1-200265215,3.0,2.852341050710615,train
44000-P073689,2.0,2.598079994636831,train
44000-P074030,3.0,2.686330985793205,train
44000-P050529,3.0,2.4924814024648883,train
DE-1-200365056,2.0,3.50702353303758,train
44000-P009127,3.0,2.829621932835633,train
44000-P063913,4.0,2.955441185867674,train
44000-P069258,3.0,2.7913374603616474,train
44000-P066397,2.0,2.9225434897859004,train
44000-P070899,3.0,2.644863655994794,train
DE-1-200266569,2.0,3.2607202269932127,train
DE-1-199966565,4.0,3.5655840788125133,train
DE-1-200066456,1.0,3.189625264105856,train
44000-P075523,3.0,2.7650642526794673,train
DE-1-200366542,2.0,2.8628777102996303,train
DE-1-200266981,4.0,3.6876578928251513,train
GB-1-107891,4.0,3.7569115180529824,train
44000-P075343,4.0,2.906274952108128,train
DE-1-200065532,4.0,3.392643338452694,train
44000-P065898,3.0,3.1076716043751933,train
44000-P082373,3.0,2.8398855173723137,train
44000-P076735,3.0,2.6087285293111924,train
44000-P074235,2.0,2.6748151105884728,train
44000-P075207,4.0,2.971849903025564,train
44000-P071285,4.0,2.7065400256591468,train
44000-P078707,4.0,2.8330711896312732,train
DE-1-200365775,3.0,2.896707352596145,train
44000-P082466,4.0,2.875255504936914,train
44000-P083235,3.0,2.8071766862066294,train
44000-P071075,3.0,2.621573104683533,train
44000-P086747,4.0,2.9435888974192403,train
44000-P083908,5.0,2.502504320924854,train
44000-P079633,2.0,2.726692085319521,train
44000-P066051,3.0,2.977126690545567,train
44000-P056256,2.0,2.611409745044807,train
DE-1-200166165,3.0,3.021945617640311,train
44000-P073370,3.0,2.799121736903693,train
44000-P085708,2.0,2.567602200431346,train
44000-P075730,3.0,3.1632157330202877,train
DE-1-200366369,1.0,2.9516829151580875,train
DE-1-199965518,4.0,3.383289771957956,train
DE-1-200166348,3.0,2.8405546687029783,train
44000-P074688,4.0,3.1102118473900746,train
44000-P087912,3.0,2.362072462007915,train
44000-P088032,2.0,2.775760183053618,train
44000-P087910,3.0,2.4910506611291674,train
44000-P084792,4.0,3.0237021265586534,train
44000-P087807,3.0,2.8890071464634994,train
44000-P073763,2.0,2.9257233541555463,train
44000-P088828,1.0,2.8381061478595666,train
44000-P088220,2.0,2.853265880826655,train
DE-1-200465484,2.0,3.546260915230106,train
44000-P073977,3.0,2.6667490450602576,train
DE-1-200366609,5.0,3.517114595937857,train
DE-1-200466359,2.0,3.4453694951862954,train
44000-P073477,1.0,2.6217183822357697,train
44000-P087004,4.0,2.8639281547239364,train
44000-P071170,1.0,2.5039556039789783,train
DE-1-200065367,3.0,3.3726152374806624,train
44000-P070628,2.0,2.674598284535711,train
44000-P071296,1.0,2.7462089241598533,train
44000-P086807,3.0,2.6573078344786554,train
44000-P083702,3.0,2.738392759246272,train
44000-P084790,3.0,3.000952031476281,train
44000-P089244,3.0,2.7971694367191384,train
44000-P090693,1.0,2.644011955246255,train
44000-P075994,2.0,2.802599460313599,train
44000-P071391,2.0,2.6590949533991317,train
44000-P075732,2.0,3.2691360964233502,train
44000-P083780,4.0,3.092692149598947,train
44000-P088319,3.0,2.634183629655594,train
DE-1-200565119,4.0,3.495364301519074,train
44000-P086775,3.0,2.669046242778667,train
44000-P087964,4.0,2.78502515075383,train
44000-P084035,2.0,2.7673470521557473,train
44000-P084871,3.0,3.265272637036522,train
DE-1-200166264,5.0,3.7950640398545734,train
44000-P082520,1.0,2.559808653047712,train
44000-P086379,3.0,2.393440624930674,train
44000-P085231,3.0,2.6384601283720124,train
44000-P064836,3.0,2.6008537868238384,train
44000-P084148,4.0,2.5649896815343567,train
44000-P078301,3.0,2.855549708048309,train
44000-P087046,4.0,2.8132430428424886,train
DE-1-200366674,2.0,3.1026964643216344,train
DE-1-200466029,3.0,3.342981673351322,train
44000-P081436,2.0,2.6976365315675954,train
DE-1-199966052,3.0,3.2343964767199767,train
DE-1-200165092,2.0,2.898943123155992,train
44000-P070519,4.0,3.294376396700907,train
44000-P086877,1.0,2.4554699264021647,train
XM-DAC-46004-34152-013-LN2163,3.0,3.668426106994105,train
DE-1-200565770,3.0,3.0702525141637262,train
DE-1-200265413,2.0,2.9388411991390924,train
44000-P082337,4.0,2.7494338569672925,train
44000-P079734,3.0,2.7967373906024693,train
44000-P098052,4.0,3.034387480871036,train
XM-DAC-46004-35340-013-LN2176,4.0,3.651201437082553,train
XM-DAC-46004-34473-013-LN2207,4.0,3.9817371426104966,train
44000-P089926,3.0,2.784106173879368,train
44000-P079675,4.0,3.052145873470044,train
44000-P090073,3.0,2.672490242671142,train
44000-P088671,3.0,2.844102177369953,train
44000-P091299,3.0,2.572977046326694,train
44000-P095523,3.0,2.6811646068307495,train
DE-1-200365304,4.0,3.744292625188819,train
44000-P095115,5.0,3.0789538495379047,train
XM-DAC-46004-34418-013-LN2200,4.0,3.737676134466232,train
44000-P086865,1.0,2.4454315346642344,train
44000-P087860,3.0,2.589021857476761,train
44000-P060484,4.0,2.8077686722251864,train
44000-P093384,3.0,2.7558666876920634,train
44000-P093826,4.0,2.866832298479793,train
44000-P096181,4.0,2.9620023370388746,train
44000-P097975,2.0,2.63828154759798,train
XM-DAC-46004-35242-013-LN2188,4.0,3.882931719795283,train
44000-P081567,3.0,2.972460998768747,train
44000-P097271,2.0,2.7596799195592516,train
44000-P099992,4.0,3.3749028811639086,train
44000-P057761,3.0,2.7493271604984635,train
44000-P085375,5.0,3.1672434145329724,train
44000-P081348,1.0,3.0792369920793643,train
44000-P064925,4.0,3.1281799979668223,train
44000-P094916,2.0,2.7675207097362993,train
44000-P094917,2.0,2.7691530140555183,train
44000-P071340,2.0,2.6794632676516232,train
44000-P099811,1.0,2.4394805127689376,train
44000-P095240,2.0,2.5639162600801355,train
44000-P084022,4.0,3.0435198638540273,train
44000-P083187,4.0,2.888538139341182,train
44000-P083322,3.0,3.3058561005398497,train
44000-P071259,3.0,2.6112197109108686,train
44000-P074086,2.0,2.638087592025194,train
XM-DAC-46004-36505-013-LN2237,4.0,3.8758536875486715,train
DE-1-200466136,4.0,3.343101059354421,train
44000-P083979,3.0,2.7339532686108265,train
XM-DAC-46004-40009-013-LN2264,4.0,3.6515639118151686,train
44000-P083110,4.0,3.0052266901163502,train
XM-DAC-46004-34341-013-LN2269,2.0,3.512571858724886,train
XM-DAC-46004-37752-013-LN2282,2.0,3.5547431396022424,train
44000-P101785,4.0,3.186301508416295,train
44000-P082651,1.0,2.499430469892399,train
44000-P088964,4.0,3.394512276400618,train
44000-P090592,3.0,2.8321936382893025,train
44000-P082295,3.0,3.103092572509398,train
44000-P070958,2.0,2.628766809158711,train
DE-1-200665711,3.0,3.2756101437190357,train
DE-1-200621219,3.75,3.187100004492816,train
44000-P078342,2.0,2.6406388381357853,train
44000-P087154,3.0,2.9921226822541382,train
44000-P077752,3.0,3.1331217822018615,train
44000-P095012,0.0,2.347276296790489,train
44000-P096965,3.0,2.666342625814665,train
44000-P081776,3.0,3.283203510584084,train
44000-P064918,2.0,2.618081443325566,train
44000-P089011,3.0,2.717023075779784,train
44000-P084967,3.0,3.0079156113832504,train
44000-P095050,3.0,2.8578460469021967,train
XM-DAC-46004-33276-013-LN2311,4.0,3.763949814699765,train
44000-P104497,4.0,2.840137931536382,train
44000-P100332,4.0,2.9785513510051684,train
44000-P096801,2.0,2.9885791969697566,train
DE-1-200665059,4.0,3.706750150409898,train
44000-P083588,3.0,3.2005000901634375,train
44000-P095229,3.0,2.531326216781745,train
44000-P104595,3.0,2.662368615679653,train
44000-P084002,3.0,2.576357491521602,train
44000-P097201,2.0,2.7260541793832194,train
44000-P098948,4.0,2.8748104688956237,train
44000-P096213,2.0,2.8508817209145576,train
DE-1-200466458,2.0,3.436358477383287,train
44000-P103881,3.0,2.7212911301298517,train
44000-P092618,3.0,3.317506769107904,train
44000-P099894,3.0,3.064040076530734,train
44000-P095315,2.0,2.936695894209183,train
44000-P096174,2.0,2.9854664916528,train
44000-P101432,3.0,2.617517861063222,train
XM-DAC-46004-36107-013-LN2333,4.0,3.7957694886999342,train
44000-P105288,4.0,2.9107528645470975,train
DE-1-200565424,2.0,3.539781781566375,train
44000-P101556,2.0,2.6653476456988123,train
44000-P093806,3.0,2.9273355871076383,train
44000-P106899,4.0,2.915951089218269,train
44000-P084404,3.0,2.87582716183741,train
44000-P074191,3.0,2.877731886382908,train
44000-P078091,3.0,2.871928901668971,train
44000-P096207,3.0,2.9675182789121375,train
44000-P091297,3.0,2.8550610788843658,train
44000-P095337,3.0,2.680501695644018,train
44000-P079414,4.0,2.9183927831533234,train
44000-P089297,3.0,2.8856953453712815,train
44000-P095114,3.0,3.0330766911888003,train
44000-P089929,3.0,2.766293339639108,train
44000-P040712,3.0,3.136956047736893,train
44000-P084302,3.0,2.778540114644698,train
XM-DAC-46004-37536-013-LN2245,3.0,3.6158762488676994,train
44000-P093775,3.0,2.9691013666108756,train
44000-P087925,3.0,2.5863885594964167,train
44000-P078382,4.0,2.723919061159047,train
DE-1-200466326,4.0,3.818751209378424,train
GB-1-113303,4.5,3.8874917727256184,train
44000-P100638,2.0,3.0001385139176806,train
XM-DAC-46004-38183-013-GRNT0087,4.0,3.710361181163425,train
DE-1-200466292,4.0,3.7790759371841522,train
44000-P103343,3.0,2.870962088515572,train
DE-1-199965526,4.0,3.481101342625186,train
44000-P074011,3.0,2.832902799377829,train
44000-P101426,1.0,2.5279423061642277,train
44000-P089013,1.0,2.4940132280643863,train
44000-P096367,3.0,2.8310912677667988,train
DE-1-200665299,3.0,3.2885636008370103,train
DE-1-200666479,3.0,3.332727818825214,train
DE-1-200465989,3.0,3.1331199565120507,train
GB-1-107402,4.5,3.979670123087348,train
44000-P085539,0.0,2.6287089385314357,train
44000-P088996,2.0,2.5971614342665603,train
44000-P083997,1.0,2.5664506852406666,train
44000-P096925,3.0,3.19578751675009,train
44000-P101745,3.0,2.612093455391939,train
44000-P101653,4.0,3.121113041924556,train
44000-P094311,1.0,2.672800919480204,train
44000-P093132,3.0,2.9890499054512727,train
44000-P072644,3.0,2.9197349957822705,train
DE-1-200665869,3.0,3.643744069081539,train
DE-1-200566539,4.0,3.6096755355786243,train
44000-P088876,2.0,2.735725057038569,train
44000-P107139,3.0,2.9669639724194683,train
44000-P097974,4.0,2.5387875250332645,train
44000-P107612,3.0,2.7793464499133957,train
44000-P106603,3.0,2.9483239495809133,train
44000-P089866,3.0,2.933638515667222,train
44000-P099211,4.0,3.266498497247266,train
44000-P109961,3.0,2.960429133837243,train
44000-P084874,4.0,3.3526958477697204,train
44000-P107833,4.0,3.1019189002879233,train
44000-P108791,3.0,2.960230979796828,train
44000-P108078,1.0,2.6698097227019875,train
44000-P094650,3.0,2.528404081606151,train
44000-P104265,3.0,2.738396145911393,train
44000-P107355,2.0,2.737543827452019,train
44000-P110020,5.0,3.0331169059377485,train
44000-P110679,4.0,2.742585019161192,train
DE-1-200565838,4.0,3.723479159558474,train
44000-P092631,3.0,3.447869653573367,train
44000-P104456,2.0,2.7159443752422816,train
44000-P105176,5.0,3.1641088726144795,train
44000-P109588,2.0,2.8800292338940747,train
44000-P105256,3.0,2.9304721016298925,train
44000-P108768,2.0,2.9614767673276505,train
44000-P110099,2.0,2.7800166590236737,train
44000-P110481,4.0,3.0721693609610092,train
DE-1-200820639,3.0,3.805744432189253,train
DE-1-200765321,3.0,3.2143101284298345,train
44000-P100311,4.0,2.8065535555688608,train
44000-P094315,1.0,2.6247487669544842,train
DE-1-200566729,2.0,3.0131786527702817,train
DE-1-200466144,3.0,3.5943869829064825,train
44000-P089672,4.0,2.8519074051450306,train
DE-1-200765594,3.0,3.5981745876549507,train
DE-1-200065789,3.0,3.8607622228396257,train
44000-P106684,2.0,2.9921585121426255,train
44000-P101988,3.0,3.3258600921683645,train
44000-P104960,2.0,2.527824091954114,train
44000-P101190,3.0,2.767065531987355,train
XM-DAC-46004-36352-013-LN2429,4.0,3.9447850910843503,train
XM-DAC-46004-28314-023-LN2440,4.0,3.7118403327369194,train
44000-P095965,3.0,3.1039730167372115,train
DE-1-200865469,4.0,3.5635119662385066,train
DE-1-200066233,3.0,3.1490785956950775,train
DE-1-200820738,3.0,3.8408898526095503,train
44000-P096556,4.0,3.465258763318826,train
44000-P093988,2.0,3.009235548547574,train
DE-1-200765990,3.0,3.1235761250342433,train
44000-P107992,4.0,3.0090283560355497,train
44000-P102732,4.0,2.8559066309252126,train
DE-1-200066324,3.0,3.476645484361221,train
DE-1-200865782,4.0,3.829036995533236,train
44000-P110092,3.0,2.767708994902736,train
DE-1-200865451,4.0,3.54146790782151,train
DE-1-200565317,4.0,3.652770241791776,train
44000-P096648,3.0,2.9402748328495445,train
DE-1-200721928,4.0,3.9231304580276536,train
44000-P104034,2.0,2.505678591879877,train
44000-P100047,4.0,3.095042751847913,train
DE-1-200766253,3.0,3.759823133347732,train
GB-1-114175,4.0,4.100383343224105,train
XM-DAC-46004-37399-013-GRNT0119,4.0,3.859085720007413,train
GB-1-114396,4.0,3.8230101745900975,train
44000-P101471,4.0,3.1142635649147934,train
44000-P099369,2.0,2.744436858511631,train
44000-P100406,2.0,2.9028840305314034,train
DE-1-200666115,3.0,3.6604714204494813,train
44000-P101103,2.0,2.778414433182883,train
DE-1-200865097,4.0,3.562952117470637,train
44000-P101258,4.0,3.417919197438442,train
44000-P054221,3.0,2.717361732804444,train
44000-P100620,3.0,2.6879859037816534,train
44000-P112334,3.0,2.9933286861737765,train
44000-P107843,0.0,2.804344391485409,train
44000-P095235,2.0,2.5247304106900876,train
44000-P110267,3.0,2.9442126519652354,train
GB-1-200498,4.0,3.8715199593136758,train
44000-P103238,5.0,3.30454832769766,train
44000-P100968,3.0,3.4130609134432204,train
44000-P095847,2.0,2.7784905413096643,train
XM-DAC-46004-40017-013-LN2494,4.0,3.7309908063313872,train
44000-P108143,3.0,2.828763819462648,train
GB-1-200135,4.0,4.044887173224716,train
44000-P106909,5.0,3.0918689830818167,train
44000-P112578,4.0,3.269321246907894,train
DE-1-200820720,5.0,3.7202002937375047,train
44000-P087304,3.0,3.055891540379416,train
44000-P101829,4.0,3.3744649897668286,train
44000-P096926,5.0,3.310001895365128,train
44000-P112998,4.0,2.6890843483547746,train
44000-P106172,2.0,2.711361436892258,train
44000-P100101,3.0,3.0449964431987757,train
44000-P108440,3.0,2.8888191715118006,train
DE-1-200166728,2.0,3.844915094308234,train
44000-P110075,3.0,3.00515057057606,train
44000-P115396,3.0,2.961412953552617,train
44000-P096923,4.0,3.41213043826441,train
44000-P104266,3.0,2.8728967018778677,train
44000-P112033,4.0,3.128775515942859,train
44000-P106663,3.0,3.0602616271475087,train
DE-1-200720821,5.0,3.5648893928949494,train
44000-P090991,2.0,2.8279283028515736,train
44000-P112719,3.0,2.7799780216234633,train
44000-P101279,2.0,2.5975451456355794,train
44000-P110051,3.0,3.0620393032545765,train
XM-DAC-46004-43901-014-LN2522,4.0,4.011140947450405,train
XM-DAC-46004-39432-013-LN2542,5.0,3.9991499057158633,train
44000-P112523,3.0,3.085423342121891,train
44000-P114766,4.0,3.176633423503511,train
44000-P101650,2.0,2.9313309969413495,train
44000-P115566,4.0,3.1911351289339365,train
44000-P099469,1.0,2.7051062142065163,train
44000-P102771,2.0,3.034270896260434,train
44000-P110538,3.0,2.894168850901602,train
44000-P091828,3.0,2.917297985763004,train
DE-1-200366757,2.0,3.6311563087740177,train
XM-DAC-46004-39305-013-LN2554,2.0,3.801460073001845,train
44000-P095485,4.0,2.9996255168876553,train
44000-P112516,1.0,2.7546851040640328,train
DE-1-200922401,3.0,3.2000005240708047,train
DE-1-200866798,3.0,3.779420228415839,train
44000-P117152,4.0,3.134642671263271,train
DE-1-200766295,3.0,3.197453689393565,train
44000-P099895,2.0,2.8527225940142333,train
DE-1-200866640,4.0,3.6889233935349064,train
44000-P099357,3.0,2.8796013519673407,train
DE-1-200766410,4.0,3.5511520929560816,train
DE-1-200765925,2.0,3.433126120177458,train
44000-P092837,2.0,2.7512111918965356,train
DE-1-200967083,4.0,3.7340422941474416,train
DE-1-200865477,4.0,3.7001108022169316,train
44000-P090675,3.0,2.7931850490552703,train
DE-1-200821678,4.0,3.8178947881761762,train
DE-1-200665505,4.0,3.893414656388268,train
44000-P109736,4.0,3.0139350254945767,train
GB-1-201239,4.5,4.068566430655647,train
44000-P108444,3.0,2.9438040451449496,train
DE-1-200765057,3.0,3.5415647493787787,train
GB-1-200762,4.0,3.991673896889579,train
DE-1-200765933,5.0,3.8992093469870226,train
44000-P106956,4.0,3.2628363642908855,train
44000-P116989,4.0,2.9797705678494517,train
44000-P116410,2.0,2.797350159749398,train
GB-1-200754,4.0,3.839454655299588,train
XM-DAC-46004-42383-023-LN2606,4.0,4.061651986722281,train
DE-1-200666131,2.0,3.192834596455915,train
44000-P090157,3.0,2.911276901506335,train
DE-1-200966507,2.0,3.779366422593715,train
44000-P106703,2.0,2.782165804031973,train
44000-P118410,4.0,3.1037551010874007,train
44000-P112759,5.0,3.332635139673461,train
44000-P119694,1.0,2.367799901715025,train
44000-P111421,3.0,3.4056836523476557,train
44000-P107050,2.0,2.6423814493851383,train
44000-P055120,2.0,2.9408991515589222,train
44000-P103037,3.0,3.0018488776560748,train
XM-DAC-46004-38164-013-LN2622,4.0,4.034065523970739,train
44000-P091031,3.0,2.8854338146634717,train
44000-P086446,3.0,3.4019260036390206,train
44000-P114204,3.0,3.0286163853045327,train
DE-1-200865493,4.0,3.7005152039792146,train
44000-P111577,4.0,3.400515284593211,train
44000-P099751,4.0,3.446373928541048,train
44000-P113416,4.0,2.9815418864309766,train
44000-P118737,4.0,2.91375092711465,train
44000-P117082,3.0,2.61325896825863,train
44000-P086660,3.0,2.6917253692660843,train
44000-P111163,5.0,3.3866710166441587,train
XM-DAC-46004-38594-013-LN2573,4.0,3.9004622918891396,train
44000-P113766,2.0,3.430492977787826,train
44000-P120026,4.0,3.106330033165975,train
44000-P120629,4.0,2.9761413991899834,train
44000-P089985,4.0,3.090983895159595,train
44000-P092537,1.0,2.553611701964642,train
44000-P096745,4.0,3.1538856345110573,train
XM-DAC-46004-39321-013-LN2572,4.0,4.143180636373951,train
44000-P105872,4.0,3.371064988698699,train
44000-P098078,4.0,3.5486432559345022,train
44000-P117323,3.0,3.1930728720674164,train
44000-P120910,3.0,2.912300910957047,train
44000-P094692,3.0,2.653568069601561,train
GB-1-201854,4.5,4.058720982146197,train
DE-1-201020338,4.0,3.7123069670275446,train
44000-P111598,4.0,3.0197916451497906,train
DE-1-201021955,4.6875,4.0461076198254675,train
DE-1-200966663,4.0,4.02365631586733,train
GB-1-201575,5.0,3.976069517193209,train
DE-1-200766345,2.0,3.049848702536033,train
44000-P115217,3.0,2.922321022411887,train
44000-P121398,2.0,2.698138944187861,train
XM-DAC-46004-42011-013-LN2647,4.0,4.036636795838891,train
44000-P095171,3.0,2.835032959194478,train
44000-P106702,3.0,2.7195108439177127,train
44000-P116919,4.0,3.183811638451327,train
DE-1-200865121,4.0,3.8416608317566077,train
44000-P106424,4.0,3.213665184443487,train
44000-P114971,3.0,2.921977766740453,train
44000-P120660,4.0,2.7921693812786064,train
XM-DAC-46004-42936-014-LN2627,4.0,3.833743547535008,train
DE-1-200866830,4.0,4.059594432113578,train
44000-P117745,3.0,2.8667810927849082,train
44000-P111479,3.0,2.9909130930906107,train
44000-P120005,3.0,3.0132457206675896,train
44000-P120211,3.0,2.9788947005302684,train
44000-P119140,3.0,2.8228623910231536,train
GB-1-201866,4.0,3.959692666731362,train
DE-1-200865204,3.0,3.433868601096197,train
DE-1-200866129,2.0,3.5956369326388224,train
DE-1-201020742,5.0,3.8945038106799643,train
44000-P116656,5.0,3.4303646786170776,train
DE-1-200866871,1.0,3.4629043904531507,train
XM-DAC-46004-40683-013-LN2700,0.79,3.733820759126049,train
GB-1-201196,4.5,4.072821510704762,train
DE-1-200865550,3.0,3.3594429705916617,train
44000-P111760,2.0,2.7874273459519605,train
XM-DAC-46004-42022-013-LN2694,4.0,3.899828880156746,train
44000-P112780,3.0,2.958680222018097,train
44000-P112626,3.0,3.2643984306313123,train
GB-1-202108,4.0,4.160961719684579,train
44000-P119939,4.0,3.114489212322918,train
44000-P122047,3.0,2.562650940016004,train
44000-P115386,0.0,2.8670597136453995,train
44000-P103499,2.0,2.8998989552295957,train
44000-P114348,3.0,3.308942164561156,train
44000-P107649,4.0,3.192129159210084,train
44000-P111548,3.0,3.3604898831476318,train
44000-P122419,4.0,2.9628311117510253,train
DE-1-200922310,4.0,3.549846391092465,train
DE-1-200921197,4.0,3.7652974359829146,train
44000-P125151,3.0,3.0216558109294738,train
XM-DAC-46004-41171-022-GRNT0243,4.0,3.9645438845138474,train
44000-P117293,4.0,2.844217656959864,train
44000-P121210,4.0,2.989028437363551,train
44000-P118647,4.0,3.5328234809591246,train
44000-P117864,4.0,2.9617689092775703,train
44000-P084773,5.0,3.424938771332762,train
44000-P117365,4.0,2.959722192906376,train
44000-P113145,4.0,2.947527132703233,train
44000-P122007,3.0,2.893678453754649,train
44000-P112893,2.0,2.8989529995540337,train
44000-P118109,3.0,3.0212072535453127,train
44000-P088520,2.0,3.006706651630907,train
44000-P096586,4.0,3.1619555878693544,train
44000-P125032,3.0,2.873188031904537,train
44000-P120664,3.0,3.440576157527636,train
44000-P119077,4.0,3.2497548842511934,train
44000-P120788,4.0,2.9970044347802403,train
44000-P112158,2.0,3.129513252624838,train
44000-P116748,3.0,3.1238052202837676,train
44000-P118925,1.0,2.6090812642160346,train
44000-P119085,4.0,2.967062691408515,train
44000-P114338,3.0,2.951026327617548,train
DE-1-201022276,4.0,3.594429815803132,train
XM-DAC-46004-40684-013-LN2744,4.0,4.055046999851284,train
44000-P113949,3.0,3.2834038021978467,train
44000-P114069,3.0,3.4666670081418465,train
44000-P118316,2.0,2.8381092697816346,train
44000-P101414,2.0,2.7019815324272582,train
44000-P126193,4.0,2.948426743625774,train
44000-P119662,2.0,2.885536820112929,train
44000-P117102,1.0,2.8357422616644197,train
44000-P099626,4.0,3.090750989949832,train
44000-P094919,4.0,2.9962129811337195,train
44000-P119737,3.0,2.923117958481379,train
44000-P120161,0.0,2.690237403075136,train
GB-1-202660,4.0,4.033630204145567,train
44000-P118179,3.0,3.008818905888359,train
44000-P112073,3.0,2.8860810373564525,train
44000-P122810,3.0,3.3718474508780782,train
44000-P107137,4.0,3.0528070016785818,train
XM-DAC-46004-31501-013-LN2757,2.0,3.6692699453384496,train
44000-P113078,3.0,3.364779981390752,train
DE-1-201020098,4.3125,3.83294001711621,train
DE-1-201022029,5.0,4.053472467999282,train
DE-1-201165992,4.0,3.911593805083925,train
GB-1-201724,5.0,4.063138938774692,train
DE-1-201020049,4.0,3.5342708197669497,train
44000-P125943,4.0,3.4498508026731503,train
44000-P107350,3.0,3.0442449799237936,train
XM-DAC-46004-43255-013-LN2768,4.0,3.9075778585594123,train
DE-1-201121979,5.0,4.02025131707197,train
44000-P122738,4.0,3.138043780656717,train
XM-DAC-46004-43937-014-LN2704,5.0,3.9767188477087707,train
DE-1-200924779,4.0,3.720664012913065,train
DE-1-200965590,4.0,3.5147524207290193,train
GB-1-202814,4.5,4.139115983572044,train
GB-1-201806,4.0,4.054261861402861,train
44000-P124181,4.0,3.0798139152394306,train
GB-1-202345,4.0,3.890000823781505,train
DE-1-201065218,4.0,3.5425938220027464,train
44000-P122153,1.0,2.4666387025188534,train
44000-P116398,4.0,3.473338591593019,train
44000-P121774,3.0,3.098559863241081,train
DE-1-201121839,5.0,4.080662089653961,train
44000-P126537,3.0,2.8573161043222766,train
DE-1-201022136,4.0,3.7717460567464,train
DE-1-201022284,5.0,4.063249010174639,train
DE-1-201022201,3.75,3.8168514751576454,train
DE-1-201020239,3.0,3.6249951583754214,train
DE-1-201020056,4.0,3.770825377182218,train
DE-1-200866707,3.0,3.1472703927033816,train
44000-P111034,3.0,3.1421512962928753,train
44000-P115464,3.0,2.9427534471792733,train
DE-1-201065424,4.0,4.054314929890948,train
44000-P112074,3.0,2.777501218851265,train
44000-P123760,3.0,2.9551659942113755,train
DE-1-201021534,3.0,3.6990049308323134,train
44000-P122667,4.0,3.4863105343303697,train
GB-1-202433,4.0,4.131939922363396,train
DE-1-201197599,4.0,3.4925391374098127,train
44000-P097325,3.0,2.9658897693709694,train
44000-P122123,2.0,2.862355839851457,train
44000-P126440,4.0,3.2485188648955683,train
DE-1-201120740,4.0,3.993778087219121,train
DE-1-201221787,5.0,4.0583067851691625,train
44000-P121455,4.0,3.0294622648786724,train
GB-1-202995,4.0,3.855594544838382,train
DE-1-201065705,3.0,3.5033141393089693,train
GB-1-203164,4.0,3.7912129585954584,train
XM-DAC-46004-40685-013-LN2838,4.0,4.004837819898892,train
44000-P124978,4.0,3.56021315364393,train
44000-P122269,3.0,3.0720862355456644,train
44000-P114264,4.0,3.0056372932696185,train
44000-P122773,1.0,2.8823890031614767,train
44000-P114077,4.0,3.2052499864345307,train
DE-1-201122480,5.0,3.6834647705393184,train
44000-P122320,3.0,3.2306551492725966,train
44000-P121167,3.0,3.0728111688848707,train
44000-P120589,1.0,2.8494731358154826,train
44000-P119071,3.0,3.5385167982359933,train
DE-1-201122332,3.0,3.8661152239869225,train
44000-P120830,3.0,2.997514820479103,train
DE-1-201121649,5.0,3.9033744957293526,train
44000-P122841,4.0,3.1829606379593454,train
44000-P130091,4.0,2.9053400076399325,train
44000-P107314,3.0,3.1069054979232686,train
44000-P118979,4.0,3.416904454710656,train
44000-P124351,4.0,3.1414160792052033,train
44000-P113844,4.0,3.4397115199789026,train
44000-P121289,4.0,3.5878371369420683,train
GB-1-202214,4.0,4.099933052675546,train
DE-1-201166719,4.0,3.7817575273277297,train
44000-P123133,3.0,3.4906906447412873,train
44000-P113266,3.0,3.196800616385258,train
DE-1-201165950,3.0,3.3109424426473373,train
44000-P130051,3.0,3.14256725966871,train
DE-1-201122787,5.0,3.9169854165768565,train
44000-P117617,4.0,3.155042146784023,train
GB-1-202691,4.0,3.8515016482683007,train
DE-1-201066042,3.0,3.8903782569324643,train
44000-P116201,4.0,3.1868262848616444,train
GB-1-203034,4.0,4.090222226944697,train
GB-1-203161,3.0,3.9260991092377067,train
44000-P122944,3.0,3.0679028419735035,train
44000-P118064,4.0,2.8407288641129687,train
44000-P126583,3.0,3.266292584091834,train
44000-P126579,3.0,3.1770549730379956,train
44000-P121495,3.0,3.170361827065929,train
44000-P118783,3.0,3.328191554048771,train
DE-1-200966770,4.0,3.8042217902073743,train
GB-1-202732,3.0,3.866240639453655,train
DE-1-201122100,4.0,3.837881373993101,train
44000-P126321,1.0,2.956144344036955,train
DE-1-201197623,4.0,3.776289767949648,train
44000-P125996,5.0,3.445018684073546,train
GB-1-203459,4.0,3.9602782927686473,train
44000-P118916,3.0,3.279213196609215,train
DE-1-201165869,2.0,3.158359126516295,train
DE-1-201266832,3.0,3.335720327384341,train
44000-P127156,3.0,3.2594803076146217,train
44000-P123923,1.0,2.9391890165771857,train
44000-P131263,4.0,3.3595965440837223,train
44000-P125202,3.0,2.9639914315792044,train
44000-P128891,4.0,3.2033885076103745,train
GB-1-203106,5.0,4.100891786480076,train
44000-P127203,2.0,2.7900211849923946,train
44000-P123146,4.0,3.144627452076514,train
44000-P102627,3.0,3.017852822964209,train
DE-1-201221233,4.0,3.7300425583887415,train
44000-P123820,2.0,2.9678855137110425,train
GB-1-203281,4.0,3.9244733684743034,train
44000-P127743,5.0,3.1543650357155726,train
44000-P113151,3.0,3.0926963097773212,train
44000-P126042,3.0,3.109947577181651,train
DE-1-201197755,3.0,3.430222398225231,train
44000-P126343,4.0,3.187928151860564,train
44000-P130421,3.0,3.0878720210159525,train
DE-1-200966754,4.0,3.7589802017507683,train
44000-P125803,3.0,3.2801437569922767,train
44000-P130824,4.0,3.10390882642296,train
DE-1-201066414,4.0,3.868653648543905,train
GB-1-202579,4.0,3.822086283834483,train
DE-1-201224781,4.375,3.9068383642625952,train
44000-P121186,3.0,2.9296058710801796,train
44000-P133327,3.0,3.061630257645591,train
44000-P126038,3.0,2.829540226064878,train
44000-P132101,3.0,3.0340428224468163,train
XM-DAC-46004-43049-013-LN2943,4.0,4.16084506514271,train
GB-1-203757,4.0,3.9560472960167727,train
DE-1-201224856,4.0,3.8957534708454333,train
44000-P118197,4.0,2.9880330775604182,train
DE-1-200966911,4.0,3.633969279618846,train
GB-1-203781,4.0,4.031378727997193,train
DE-1-201221357,3.0,3.3326780941065843,train
44000-P128284,2.0,2.820691357874494,train
DE-1-200966671,4.0,3.752355793275193,train
XM-DAC-46004-40190-023-LN2937,4.0,3.996497306251379,train
DE-1-201121136,4.0,3.6845661837173167,train
DE-1-201197870,4.125,3.9513276457349322,train
DE-1-201220789,3.4375,3.605087416046806,train
DE-1-201221696,5.0,3.9887935464882784,train
DE-1-201225036,4.0,4.164479287721346,train
DE-1-201225226,3.0,3.3754707177876693,train
DE-1-201197813,4.0,3.9933273597588634,train
44000-P125021,5.0,3.576478336000786,train
XM-DAC-46004-43319-033-LN8265,4.0,3.870564083781196,train
XM-DAC-46004-42361-013-LN2979,4.0,3.943515051031728,train
44000-P128434,4.0,3.166306384262026,train
DE-1-201197839,4.0,3.951651703450616,train
GB-1-203186,4.5,3.948709684048249,train
44000-P126782,4.0,3.0631024192256384,train
DE-1-201222942,4.0,4.076662200170495,train
XM-DAC-46004-44036-013-LN2941,4.0,4.102883877168141,train
XM-DAC-46004-44019-013-LN2940,4.0,4.2905147962720775,train
44000-P127955,4.0,3.0457788869378977,train
44000-P101578,2.0,2.866570799448985,train
GB-1-203824,4.0,4.357781815919925,train
DE-1-200766592,4.0,4.1946410996984556,train
DE-1-201225184,3.0,3.367335739922082,train
GB-1-203574,4.0,4.452294626020529,train
44000-P127035,4.0,3.709641936869571,train
44000-P128867,5.0,3.8855016227044294,train
44000-P125022,4.0,3.807951763512313,train
44000-P126856,4.0,3.8962042869213276,train
XM-DAC-46004-41220-013-LN2957,4.0,4.347870984926649,train
44000-P126875,2.0,2.891007732541021,train
44000-P121152,4.0,3.255893192025515,train
44000-P143645,2.0,3.136988968603154,train
44000-P122178,4.0,3.390745593474493,train
DE-1-201120914,5.0,4.392596073636438,train
DE-1-201120427,5.0,4.021955259154455,train
DE-1-201224658,5.0,4.486946940066558,train
DE-1-201297613,4.0,4.06202535562613,train
44000-P127303,3.0,3.141205613511427,train
44000-P123384,3.0,3.642546567808299,train
DE-1-201022722,4.0,4.202838080326701,train
44000-P130413,3.0,3.3993047492765562,train
44000-P123729,5.0,3.804632015650391,train
44000-P132289,2.0,2.813744304826335,train
44000-P127759,2.0,3.2556529332221444,train
44000-P132306,3.0,2.807180618355188,train
44000-P133184,3.0,3.2477787244356224,train
44000-P133445,4.0,3.2335077607287688,train
44000-P123323,4.0,3.732326937123487,train
44000-P130222,3.0,3.352387396776344,train
DE-1-201221431,4.375,4.359422559610493,train
DE-1-201297563,4.0,4.132336566668212,train
44000-P126813,4.0,3.7754480505544645,train
DE-1-201236561,4.0,4.057794787789074,train
44000-P129769,3.0,3.1301259859511577,train
44000-P143940,4.0,3.195700940787354,train
44000-P127723,3.0,3.219626016874204,train
44000-P127245,2.0,2.8889116424384973,train
44000-P143382,3.0,3.3500554439124084,train
44000-P129431,4.0,3.800146720133325,train
XM-DAC-46004-44469-013-LN3005,4.0,4.361310548132911,train
44000-P126516,3.0,3.0817639046973904,train
44000-P143060,4.0,3.366885975774473,train
DE-1-201322353,3.0,3.932871563296153,train
DE-1-201022623,4.0,4.196073521098743,train
GB-1-203445,4.0,4.276454609616255,train
44000-P123994,2.0,3.6388332144628537,train
44000-P131212,1.0,2.926094378961771,train
DE-1-201322361,4.0,3.6338521144708054,train
DE-1-201166164,3.0,4.070536150314382,train
DE-1-201266188,4.0,4.25387951674364,train
44000-P126034,3.0,2.89954812254181,train
44000-P125120,3.0,3.0690973257540834,train
GB-1-203429,4.0,4.333530347235669,train
44000-P128768,2.0,2.853194891526494,train
44000-P143996,3.0,3.0654017370608635,train
GB-1-203572,4.0,4.304897545540173,train
GB-1-204135,4.0,4.228235875906288,train
XM-DAC-46004-44321-013-LN3007,4.0,4.257646403249404,train
DE-1-201222165,4.375,4.140600242232135,train
44000-P122770,3.0,3.1223508551564025,train
44000-P127449,2.0,3.285792752006694,train
DE-1-201122431,5.0,4.246623690908201,train
DE-1-201122712,4.0625,4.3258029845026345,train
GB-1-202921,4.5,4.454097675801619,train
44000-P131659,4.0,3.240747147128568,train
44000-P127676,3.0,3.3627161602161175,train
DE-1-201165604,4.0,4.077783570446439,train
DE-1-201121821,5.0,4.360356442992249,train
DE-1-201166065,4.0,4.033671532673805,train
DE-1-201220607,3.0,3.9506891848654324,train
DE-1-201220979,4.0,4.335846103605672,train
44000-P127754,2.0,3.1431300658869663,train
GB-1-202549,4.5,4.377788970396849,train
44000-P133133,4.0,3.2780316363091715,train
44000-P117318,1.0,2.792442965027357,train
XM-DAC-46004-46093-004-LN3068,4.0,4.467789101525719,train
44000-P145799,3.0,2.815148689115103,train
GB-1-203764,4.0,4.028314405286354,train
44000-P131084,4.0,3.1943618959875186,train
44000-P083813,2.0,2.50138884643131,train
44000-P123961,4.0,3.6870881962795115,train
44000-P114827,3.0,3.198836018248564,train
XM-DAC-46004-46078-002-LN3054,4.0,4.327135693949518,train
44000-P120304,3.0,2.9548018407452106,train
44000-P127956,3.0,3.124369979320935,train
44000-P102733,3.0,3.1289039014203137,train
XM-DAC-46004-46421-001-GRNT0379,4.0,4.34915314377074,train
44000-P127775,4.0,3.7423154920368944,train
44000-P125496,4.0,3.7757691847401005,train
44000-P132173,1.0,3.0909554562389214,train
DE-1-201322676,4.3125,3.9568955466839495,train
DE-1-201321488,5.0,4.2888892248203705,train
DE-1-201225101,4.75,4.346146844176025,train
DE-1-201221753,4.0,3.717924659440973,train
DE-1-201322296,4.0,3.831112007542275,train
XM-DAC-46004-46044-002-GRNT0373,4.0,4.222842112017604,train
44000-P127813,3.0,3.3576992244599877,train
XM-DAC-46004-46351-002-GRNT0378,4.0,4.289266346847483,train
44000-P129920,5.0,3.3146210700611185,train
XM-DAC-46004-45366-004-LN3067,4.0,3.954310984310039,train
44000-P147514,4.0,3.3017922115380705,train
DE-1-201422385,4.0,4.461535611462784,train
XM-DAC-46004-43448-013-GRNT0367,4.0,4.08203974918545,train
GB-1-203872,5.0,4.340344178918584,train
44000-P126325,3.0,3.312184725488278,train
44000-P143580,4.0,3.3469820570782134,train
44000-P129408,4.0,3.2922571279017787,train
44000-P133591,4.0,3.079403445255653,train
44000-P130682,4.0,3.3152781886739886,train
44000-P131235,3.0,3.0790949707885567,train
DE-1-201324573,3.0,3.8237272909514273,train
44000-P128393,3.0,3.204497398411482,train
DE-1-201397694,4.0,4.367882712061449,train
44000-P127411,2.0,3.072698335081002,train
44000-P128258,3.0,3.1001835889304346,train
DE-1-201421288,4.0,4.124630825702934,train
44000-P129992,3.0,2.8922707762107214,train
44000-P147348,3.0,3.2316142438467517,train
44000-P132277,5.0,3.8789416851160596,train
44000-P148957,2.0,3.356516889347755,train
44000-P150313,4.0,3.137316847305766,train
44000-P133828,3.0,3.151715435654004,train
44000-P127837,2.0,3.0645104319601124,train
44000-P148560,5.0,3.3704698924900747,train
44000-P148797,3.0,2.8042163691929343,train
44000-P147226,4.0,3.1079318369717104,train
44000-P133613,3.0,3.120463860926087,train
DE-1-201322015,4.0625,4.219979969593211,train
44000-P127226,3.0,3.234904190616858,train
44000-P143596,4.0,3.652272768944457,train
44000-P145578,2.0,2.9264874294278624,train
DE-1-201397538,4.0,3.609434114124681,train
DE-1-201297621,1.0,4.074477504424768,train
XM-DAC-46004-46014-002-GRNT0386,1.0,4.037874960483339,train
DE-1-201366392,4.0,4.208891605573266,train
44000-P123112,3.0,3.1313462021924585,train
XM-DAC-46004-48192-001-GRNT0389,5.0,4.334876947523981,train
44000-P148083,2.0,3.1766484418285548,train
44000-P147157,3.0,3.1332152402493594,train
DE-1-201222009,4.125,4.3960397069938475,train
44000-P122406,0.0,2.8383569433933737,train
DE-1-201320746,4.0,4.2340968529201035,train
44000-P130637,4.0,3.0671315730859945,train
44000-P146007,4.0,3.0891441470016368,train
44000-P146322,3.0,3.40301386034554,train
GB-1-203835,4.5,4.404556195703649,train
DE-1-201322080,5.0,4.419478366100829,train
44000-P143594,3.0,2.783033441246584,train
GB-1-203516,4.0,4.409128731506933,train
GB-1-203427,4.0,3.8252834432440674,train
44000-P131558,5.0,3.829233806815065,train
GB-1-204252,5.0,4.308930527108648,train
DE-1-201422146,4.0,4.373940295038509,train
XM-DAC-46004-45507-003-LN3115,4.0,4.501669802033401,train
44000-P127338,3.0,3.1800895155149598,train
44000-P122139,3.0,3.066340572576907,train
44000-P133018,5.0,3.829003239317088,train
44000-P133116,5.0,3.852507780023313,train
44000-P144029,3.0,3.049732573852949,train
44000-P133261,4.0,3.7155865935604018,train
44000-P125184,0.0,2.7259561570769035,train
44000-P131256,2.0,3.226137504962249,train
GB-1-203674,4.0,4.287648408417312,train
DE-1-201420868,4.375,4.471754067522903,train
DE-1-201422609,4.0,4.159261759826284,train
44000-P126661,4.0,3.3094883146953475,train
44000-P131965,2.0,2.8865589988620055,train
44000-P149886,3.0,3.3717584911591576,train
44000-P149069,4.0,3.3854596256829215,train
DE-1-201467489,3.0,3.3237130145196003,train
44000-P151803,4.0,3.126126753727989,train
44000-P146482,2.0,3.382361338166464,train
DE-1-201365840,4.0,4.1237432742088265,train
DE-1-201322072,5.0,4.142680735523825,train
44000-P113971,3.0,3.166428854278052,train
DE-1-201422815,5.0,4.115562771394441,train
44000-P146344,2.0,3.0846208293570982,train
DE-1-201366996,4.0,4.1619428479218215,train
44000-P146398,4.0,3.3848537341102425,train
DE-1-201420819,4.3125,3.8020852165144574,train
DE-1-201441096,5.0,4.206957291992758,train
DE-1-201422203,4.0,4.229911266249385,train
44000-P152440,3.0,3.0184802577138887,train
44000-P133017,3.0,3.747275245546527,train
XM-DAC-46004-46050-002-LN3168,4.0,4.580380226183727,train
44000-P148642,4.0,3.1196883109296487,train
DE-1-201420983,4.0,4.20136969264026,train
GB-1-204019,4.0,4.375849186203566,train
44000-P133456,3.0,3.7699995279846847,train
44000-P133449,4.0,2.814875209406895,train
44000-P145813,3.0,3.30883586023654,train
44000-P150520,3.0,3.327655916443132,train
44000-P132982,4.0,3.2866364460160518,train
44000-P147760,4.0,3.2647649489584354,train
44000-P146199,3.0,2.9335702979428264,train
44000-P150395,4.0,3.581078195581885,train
44000-P120014,3.0,3.196533446436589,train
44000-P132621,5.0,3.9095746769011983,train
DE-1-201425008,4.0,4.23706494563943,train
44000-P151275,3.0,3.0238608510424743,train
44000-P151804,4.0,3.3302710104366113,train
44000-P133288,2.0,3.305135174992967,train
44000-P132846,3.0,3.037228558345332,train
44000-P145037,4.0,3.337261500708399,train
44000-P149176,3.0,3.1677300901197087,train
XM-DAC-46004-45022-002-GRNT0420,5.0,4.505566989513101,train
44000-P147629,3.0,3.388870502549658,train
44000-P146830,4.0,3.3467183211129035,train
44000-P145566,2.0,3.0970618010641,train
44000-P147499,3.0,3.1462618057821694,train
XM-DAC-46004-44444-013-GRNT0421,4.0,4.255758296655477,train
GB-1-204894,4.5,4.571222459621025,train
44000-P149091,3.0,3.1156632958295876,train
DE-1-201265743,4.0,3.9968225776828588,train
44000-P148970,3.0,2.9054177672990282,train
44000-P126507,0.0,3.313867569676634,train
GB-1-203272,5.0,4.411325603750201,train
44000-P133312,3.0,3.094000430195206,train
44000-P150351,4.0,3.1496260543035204,train
44000-P149599,4.0,3.535508926571892,train
44000-P147827,4.0,3.1653908816267977,train
44000-P150696,3.0,3.309321465912153,train
GB-1-203473,1.0,4.176491278909093,train
DE-1-201425073,4.0,4.3363749466684105,train
DE-1-201521012,5.0,4.338633895695405,train
GB-1-204888,4.0,4.332355203712362,train
XM-DAC-46004-40253-035-GRNT0433,2.0,4.159287295384899,train
44000-P152936,3.0,3.536827061159729,train
44000-P144135,2.0,2.762778052991223,train
44000-P154299,3.0,3.194739723410361,train
44000-P150066,3.0,2.8917884589927354,train
44000-P155259,2.0,3.2113066406664137,train
44000-P156559,3.0,2.8822539983367474,train
44000-P150475,4.0,3.424085751873476,train
DE-1-201321157,4.0,4.123753416614369,train
XM-DAC-46004-47048-002-LN3277,4.0,4.373287308260289,train
44000-P151363,4.0,3.193039926242979,train
44000-P152319,4.0,3.2639564210496483,train
44000-P144597,3.0,2.937047969817669,train
XM-DAC-46004-46135-002-LN3275,4.0,4.200827951245082,train
44000-P152693,5.0,3.7459905483184746,train
44000-P149277,3.0,3.00043493147309,train
44000-P151102,3.0,3.0553222270436535,train
GB-1-204196,4.0,4.424821837589786,train
XM-DAC-46004-47015-002-LN3321,4.0,4.26253466756064,train
44000-P154291,3.0,3.6458992892023256,train
DE-1-201520261,4.0,4.093492222665713,train
DE-1-201366863,4.0,4.291043374154095,train
44000-P151487,3.0,3.0538398928577095,train
44000-P153203,4.0,3.4213116529078134,train
44000-P151077,2.0,3.081801187878204,train
44000-P153084,3.0,2.947875406487419,train
44000-P150634,4.0,3.1772298061516353,train
44000-P153251,4.0,3.4961047214887513,train
44000-P155920,3.0,3.105357794826919,train
44000-P147277,3.0,3.2177796840996136,train
44000-P153743,4.0,3.213490196122377,train
44000-P155962,4.0,3.0113587744809545,train
44000-P146981,3.0,3.231321525715046,train
44000-P150327,3.0,3.305985387887968,train
DE-1-201366335,4.0,3.9726713451031843,train
XM-DAC-46004-42285-013-GRNT0454,4.0,4.198652069558104,train
DE-1-201540665,4.0,4.009397515720413,train
DE-1-201521871,4.0,4.397279512562934,train
GB-1-204856,4.0,4.290624391759495,train
GB-1-204794,4.0,4.495998287832303,train
44000-P154464,3.0,2.991975754324281,train
44000-P148599,5.0,3.776974439394829,train
44000-P148523,4.0,3.688746620594179,train
44000-P146933,3.0,3.204895069368061,train
XM-DAC-46004-49232-001-LN3356,5.0,4.5747050369862965,train
44000-P149872,3.0,3.203861120326597,train
XM-DAC-46004-47070-002-LN3336,4.0,4.205356116736085,train
44000-P151416,4.0,3.2544542921073276,train
44000-P152851,3.0,3.620551305225079,train
44000-P157224,3.0,3.1182502472032243,train
44000-P155963,4.0,3.2753939646752017,train
DE-1-201618503,4.0,3.7804414143196987,train
44000-P147381,3.0,3.8539734850526255,train
DE-1-201620210,5.0,4.622443320810973,train
DE-1-201567833,3.0,4.302251634313571,train
DE-1-201367010,4.0,4.36757596289561,train
44000-P154805,5.0,3.9184824567127086,train
44000-P156021,3.0,3.0663302392568044,train
44000-P157571,4.0,3.240157776388858,train
44000-P152460,4.0,3.713868741954491,train
44000-P132562,4.0,3.8071659401532303,train
44000-P152659,4.0,3.266606295478893,train
44000-P150631,4.0,3.342322080236214,train
44000-P153420,4.0,3.4392447230290877,train
44000-P155658,4.0,3.043125198808883,train
44000-P156422,4.0,3.2324738261016686,train
DE-1-201621291,5.0,4.527258935522372,train
44000-P133305,4.0,3.2918925550219744,train
44000-P152822,4.0,3.367487113579303,train
DE-1-201620186,3.0,4.059858671375312,train
44000-P154672,5.0,3.9737603461750495,train
44000-P127955,4.0,3.0457788869378977,val
44000-P101578,2.0,2.866570799448985,val
GB-1-203824,4.0,4.357781815919925,val
DE-1-200766592,4.0,4.1946410996984556,val
DE-1-201225184,3.0,3.367335739922082,val
GB-1-203574,4.0,4.452294626020529,val
44000-P127035,4.0,3.709641936869571,val
44000-P128867,5.0,3.8855016227044294,val
44000-P125022,4.0,3.807951763512313,val
44000-P126856,4.0,3.8962042869213276,val
XM-DAC-46004-41220-013-LN2957,4.0,4.347870984926649,val
44000-P126875,2.0,2.891007732541021,val
44000-P121152,4.0,3.255893192025515,val
44000-P143645,2.0,3.136988968603154,val
44000-P122178,4.0,3.390745593474493,val
DE-1-201120914,5.0,4.392596073636438,val
DE-1-201120427,5.0,4.021955259154455,val
DE-1-201224658,5.0,4.486946940066558,val
DE-1-201297613,4.0,4.06202535562613,val
44000-P127303,3.0,3.141205613511427,val
44000-P123384,3.0,3.642546567808299,val
DE-1-201022722,4.0,4.202838080326701,val
44000-P130413,3.0,3.3993047492765562,val
44000-P123729,5.0,3.804632015650391,val
44000-P132289,2.0,2.813744304826335,val
44000-P127759,2.0,3.2556529332221444,val
44000-P132306,3.0,2.807180618355188,val
44000-P133184,3.0,3.2477787244356224,val
44000-P133445,4.0,3.2335077607287688,val
44000-P123323,4.0,3.732326937123487,val
44000-P130222,3.0,3.352387396776344,val
DE-1-201221431,4.375,4.359422559610493,val
DE-1-201297563,4.0,4.132336566668212,val
44000-P126813,4.0,3.7754480505544645,val
DE-1-201236561,4.0,4.057794787789074,val
44000-P129769,3.0,3.1301259859511577,val
44000-P143940,4.0,3.195700940787354,val
44000-P127723,3.0,3.219626016874204,val
44000-P127245,2.0,2.8889116424384973,val
44000-P143382,3.0,3.3500554439124084,val
44000-P129431,4.0,3.800146720133325,val
XM-DAC-46004-44469-013-LN3005,4.0,4.361310548132911,val
44000-P126516,3.0,3.0817639046973904,val
44000-P143060,4.0,3.366885975774473,val
DE-1-201322353,3.0,3.932871563296153,val
DE-1-201022623,4.0,4.196073521098743,val
GB-1-203445,4.0,4.276454609616255,val
44000-P123994,2.0,3.6388332144628537,val
44000-P131212,1.0,2.926094378961771,val
DE-1-201322361,4.0,3.6338521144708054,val
DE-1-201166164,3.0,4.070536150314382,val
DE-1-201266188,4.0,4.25387951674364,val
44000-P126034,3.0,2.89954812254181,val
44000-P125120,3.0,3.0690973257540834,val
GB-1-203429,4.0,4.333530347235669,val
44000-P128768,2.0,2.853194891526494,val
44000-P143996,3.0,3.0654017370608635,val
GB-1-203572,4.0,4.304897545540173,val
GB-1-204135,4.0,4.228235875906288,val
XM-DAC-46004-44321-013-LN3007,4.0,4.257646403249404,val
DE-1-201222165,4.375,4.140600242232135,val
44000-P122770,3.0,3.1223508551564025,val
44000-P127449,2.0,3.285792752006694,val
DE-1-201122431,5.0,4.246623690908201,val
DE-1-201122712,4.0625,4.3258029845026345,val
GB-1-202921,4.5,4.454097675801619,val
44000-P131659,4.0,3.240747147128568,val
44000-P127676,3.0,3.3627161602161175,val
DE-1-201165604,4.0,4.077783570446439,val
DE-1-201121821,5.0,4.360356442992249,val
DE-1-201166065,4.0,4.033671532673805,val
DE-1-201220607,3.0,3.9506891848654324,val
DE-1-201220979,4.0,4.335846103605672,val
44000-P127754,2.0,3.1431300658869663,val
GB-1-202549,4.5,4.377788970396849,val
44000-P133133,4.0,3.2780316363091715,val
44000-P117318,1.0,2.792442965027357,val
XM-DAC-46004-46093-004-LN3068,4.0,4.467789101525719,val
44000-P145799,3.0,2.815148689115103,val
GB-1-203764,4.0,4.028314405286354,val
44000-P131084,4.0,3.1943618959875186,val
44000-P083813,2.0,2.50138884643131,val
44000-P123961,4.0,3.6870881962795115,val
44000-P114827,3.0,3.198836018248564,val
XM-DAC-46004-46078-002-LN3054,4.0,4.327135693949518,val
44000-P120304,3.0,2.9548018407452106,val
44000-P127956,3.0,3.124369979320935,val
44000-P102733,3.0,3.1289039014203137,val
XM-DAC-46004-46421-001-GRNT0379,4.0,4.34915314377074,val
44000-P127775,4.0,3.7423154920368944,val
44000-P125496,4.0,3.7757691847401005,val
44000-P132173,1.0,3.0909554562389214,val
DE-1-201322676,4.3125,3.9568955466839495,val
DE-1-201321488,5.0,4.2888892248203705,val
DE-1-201225101,4.75,4.346146844176025,val
DE-1-201221753,4.0,3.717924659440973,val
DE-1-201322296,4.0,3.831112007542275,val
XM-DAC-46004-46044-002-GRNT0373,4.0,4.222842112017604,val
44000-P127813,3.0,3.3576992244599877,val
XM-DAC-46004-46351-002-GRNT0378,4.0,4.289266346847483,val
44000-P129920,5.0,3.3146210700611185,val
XM-DAC-46004-45366-004-LN3067,4.0,3.954310984310039,val
44000-P147514,4.0,3.3017922115380705,val
DE-1-201422385,4.0,4.461535611462784,val
XM-DAC-46004-43448-013-GRNT0367,4.0,4.08203974918545,val
GB-1-203872,5.0,4.340344178918584,val
44000-P126325,3.0,3.312184725488278,val
44000-P143580,4.0,3.3469820570782134,val
44000-P129408,4.0,3.2922571279017787,val
44000-P133591,4.0,3.079403445255653,val
44000-P130682,4.0,3.3152781886739886,val
44000-P131235,3.0,3.0790949707885567,val
DE-1-201324573,3.0,3.8237272909514273,val
44000-P128393,3.0,3.204497398411482,val
DE-1-201397694,4.0,4.367882712061449,val
44000-P127411,2.0,3.072698335081002,val
44000-P128258,3.0,3.1001835889304346,val
DE-1-201421288,4.0,4.124630825702934,val
44000-P129992,3.0,2.8922707762107214,val
44000-P147348,3.0,3.2316142438467517,val
44000-P132277,5.0,3.8789416851160596,val
44000-P148957,2.0,3.356516889347755,val
44000-P150313,4.0,3.137316847305766,val
44000-P133828,3.0,3.151715435654004,val
44000-P127837,2.0,3.0645104319601124,val
44000-P148560,5.0,3.3704698924900747,val
44000-P148797,3.0,2.8042163691929343,val
44000-P147226,4.0,3.1079318369717104,val
44000-P133613,3.0,3.120463860926087,val
DE-1-201322015,4.0625,4.219979969593211,val
44000-P127226,3.0,3.234904190616858,val
44000-P143596,4.0,3.652272768944457,val
44000-P145578,2.0,2.9264874294278624,val
DE-1-201397538,4.0,3.609434114124681,val
DE-1-201297621,1.0,4.074477504424768,val
XM-DAC-46004-46014-002-GRNT0386,1.0,4.037874960483339,val
DE-1-201366392,4.0,4.208891605573266,val
44000-P123112,3.0,3.1313462021924585,val
XM-DAC-46004-48192-001-GRNT0389,5.0,4.334876947523981,val
44000-P148083,2.0,3.1766484418285548,val
44000-P147157,3.0,3.1332152402493594,val
DE-1-201222009,4.125,4.3960397069938475,val
44000-P122406,0.0,2.8383569433933737,val
DE-1-201320746,4.0,4.2340968529201035,val
44000-P130637,4.0,3.0671315730859945,val
44000-P146007,4.0,3.0891441470016368,val
44000-P146322,3.0,3.40301386034554,val
GB-1-203835,4.5,4.404556195703649,val
DE-1-201322080,5.0,4.419478366100829,val
44000-P143594,3.0,2.783033441246584,val
GB-1-203516,4.0,4.409128731506933,val
GB-1-203427,4.0,3.8252834432440674,val
44000-P131558,5.0,3.829233806815065,val
GB-1-204252,5.0,4.308930527108648,val
DE-1-201422146,4.0,4.373940295038509,val
XM-DAC-46004-45507-003-LN3115,4.0,4.501669802033401,val
44000-P127338,3.0,3.1800895155149598,val
44000-P122139,3.0,3.066340572576907,val
44000-P133018,5.0,3.829003239317088,val
44000-P133116,5.0,3.852507780023313,val
44000-P144029,3.0,3.049732573852949,val
44000-P133261,4.0,3.7155865935604018,val
44000-P125184,0.0,2.7259561570769035,val
44000-P131256,2.0,3.226137504962249,val
GB-1-203674,4.0,4.287648408417312,val
DE-1-201420868,4.375,4.471754067522903,val
DE-1-201422609,4.0,4.159261759826284,val
44000-P126661,4.0,3.3094883146953475,val
44000-P131965,2.0,2.8865589988620055,val
44000-P149886,3.0,3.3717584911591576,val
44000-P149069,4.0,3.3854596256829215,val
DE-1-201467489,3.0,3.3237130145196003,val
44000-P151803,4.0,3.126126753727989,val
44000-P146482,2.0,3.382361338166464,val
DE-1-201365840,4.0,4.1237432742088265,val
DE-1-201322072,5.0,4.142680735523825,val
44000-P113971,3.0,3.166428854278052,val
DE-1-201422815,5.0,4.115562771394441,val
44000-P146344,2.0,3.0846208293570982,val
DE-1-201366996,4.0,4.1619428479218215,val
44000-P146398,4.0,3.3848537341102425,val
DE-1-201420819,4.3125,3.8020852165144574,val
DE-1-201441096,5.0,4.206957291992758,val
DE-1-201422203,4.0,4.229911266249385,val
44000-P152440,3.0,3.0184802577138887,val
44000-P133017,3.0,3.747275245546527,val
XM-DAC-46004-46050-002-LN3168,4.0,4.580380226183727,val
44000-P148642,4.0,3.1196883109296487,val
DE-1-201420983,4.0,4.20136969264026,val
GB-1-204019,4.0,4.375849186203566,val
44000-P133456,3.0,3.7699995279846847,val
44000-P133449,4.0,2.814875209406895,val
44000-P145813,3.0,3.30883586023654,val
44000-P150520,3.0,3.327655916443132,val
44000-P132982,4.0,3.2866364460160518,val
44000-P147760,4.0,3.2647649489584354,val
44000-P146199,3.0,2.9335702979428264,val
44000-P150395,4.0,3.581078195581885,val
44000-P120014,3.0,3.196533446436589,val
44000-P132621,5.0,3.9095746769011983,val
DE-1-201425008,4.0,4.23706494563943,val
44000-P151275,3.0,3.0238608510424743,val
44000-P151804,4.0,3.3302710104366113,val
44000-P133288,2.0,3.305135174992967,val
44000-P132846,3.0,3.037228558345332,val
44000-P145037,4.0,3.337261500708399,val
44000-P149176,3.0,3.1677300901197087,val
XM-DAC-46004-45022-002-GRNT0420,5.0,4.505566989513101,val
44000-P147629,3.0,3.388870502549658,val
44000-P146830,4.0,3.3467183211129035,val
44000-P145566,2.0,3.0970618010641,val
44000-P147499,3.0,3.1462618057821694,val
XM-DAC-46004-44444-013-GRNT0421,4.0,4.255758296655477,val
GB-1-204894,4.5,4.571222459621025,val
44000-P149091,3.0,3.1156632958295876,val
DE-1-201265743,4.0,3.9968225776828588,val
44000-P148970,3.0,2.9054177672990282,val
44000-P126507,0.0,3.313867569676634,val
GB-1-203272,5.0,4.411325603750201,val
44000-P133312,3.0,3.094000430195206,val
44000-P150351,4.0,3.1496260543035204,val
44000-P149599,4.0,3.535508926571892,val
44000-P147827,4.0,3.1653908816267977,val
44000-P150696,3.0,3.309321465912153,val
GB-1-203473,1.0,4.176491278909093,val
DE-1-201425073,4.0,4.3363749466684105,val
DE-1-201521012,5.0,4.338633895695405,val
GB-1-204888,4.0,4.332355203712362,val
XM-DAC-46004-40253-035-GRNT0433,2.0,4.159287295384899,val
44000-P152936,3.0,3.536827061159729,val
44000-P144135,2.0,2.762778052991223,val
44000-P154299,3.0,3.194739723410361,val
44000-P150066,3.0,2.8917884589927354,val
44000-P155259,2.0,3.2113066406664137,val
44000-P156559,3.0,2.8822539983367474,val
44000-P150475,4.0,3.424085751873476,val
DE-1-201321157,4.0,4.123753416614369,val
XM-DAC-46004-47048-002-LN3277,4.0,4.373287308260289,val
44000-P151363,4.0,3.193039926242979,val
44000-P152319,4.0,3.2639564210496483,val
44000-P144597,3.0,2.937047969817669,val
XM-DAC-46004-46135-002-LN3275,4.0,4.200827951245082,val
44000-P152693,5.0,3.7459905483184746,val
44000-P149277,3.0,3.00043493147309,val
44000-P151102,3.0,3.0553222270436535,val
GB-1-204196,4.0,4.424821837589786,val
XM-DAC-46004-47015-002-LN3321,4.0,4.26253466756064,val
44000-P154291,3.0,3.6458992892023256,val
DE-1-201520261,4.0,4.093492222665713,val
DE-1-201366863,4.0,4.291043374154095,val
44000-P151487,3.0,3.0538398928577095,val
44000-P153203,4.0,3.4213116529078134,val
44000-P151077,2.0,3.081801187878204,val
44000-P153084,3.0,2.947875406487419,val
44000-P150634,4.0,3.1772298061516353,val
44000-P153251,4.0,3.4961047214887513,val
44000-P155920,3.0,3.105357794826919,val
44000-P147277,3.0,3.2177796840996136,val
44000-P153743,4.0,3.213490196122377,val
44000-P155962,4.0,3.0113587744809545,val
44000-P146981,3.0,3.231321525715046,val
44000-P150327,3.0,3.305985387887968,val
DE-1-201366335,4.0,3.9726713451031843,val
XM-DAC-46004-42285-013-GRNT0454,4.0,4.198652069558104,val
DE-1-201540665,4.0,4.009397515720413,val
DE-1-201521871,4.0,4.397279512562934,val
GB-1-204856,4.0,4.290624391759495,val
GB-1-204794,4.0,4.495998287832303,val
44000-P154464,3.0,2.991975754324281,val
44000-P148599,5.0,3.776974439394829,val
44000-P148523,4.0,3.688746620594179,val
44000-P146933,3.0,3.204895069368061,val
XM-DAC-46004-49232-001-LN3356,5.0,4.5747050369862965,val
44000-P149872,3.0,3.203861120326597,val
XM-DAC-46004-47070-002-LN3336,4.0,4.205356116736085,val
44000-P151416,4.0,3.2544542921073276,val
44000-P152851,3.0,3.620551305225079,val
44000-P157224,3.0,3.1182502472032243,val
44000-P155963,4.0,3.2753939646752017,val
DE-1-201618503,4.0,3.7804414143196987,val
44000-P147381,3.0,3.8539734850526255,val
DE-1-201620210,5.0,4.622443320810973,val
DE-1-201567833,3.0,4.302251634313571,val
DE-1-201367010,4.0,4.36757596289561,val
44000-P154805,5.0,3.9184824567127086,val
44000-P156021,3.0,3.0663302392568044,val
44000-P157571,4.0,3.240157776388858,val
44000-P152460,4.0,3.713868741954491,val
44000-P132562,4.0,3.8071659401532303,val
44000-P152659,4.0,3.266606295478893,val
44000-P150631,4.0,3.342322080236214,val
44000-P153420,4.0,3.4392447230290877,val
44000-P155658,4.0,3.043125198808883,val
44000-P156422,4.0,3.2324738261016686,val
DE-1-201621291,5.0,4.527258935522372,val
44000-P133305,4.0,3.2918925550219744,val
44000-P152822,4.0,3.367487113579303,val
DE-1-201620186,3.0,4.059858671375312,val
44000-P154672,5.0,3.9737603461750495,val
GB-1-205195,1.0,4.147615337087585,test
44000-P153544,4.0,3.765279214541534,test
44000-P156629,3.0,3.2389827152365016,test
44000-P155824,3.0,3.589853364757551,test
44000-P154255,4.0,3.233700843929615,test
44000-P149620,4.0,3.180426074137573,test
44000-P154387,3.0,3.7364113569185142,test
44000-P148099,2.0,3.36079923609204,test
44000-P158194,1.0,3.1457263570673297,test
44000-P159053,5.0,2.823815370390253,test
GB-1-205273,4.0,4.4994470944534175,test
XM-DAC-46004-47047-002-LN3400,5.0,4.317646713076023,test
44000-P159522,4.0,3.2307368524964506,test
DE-1-201521319,4.0,4.277331166892732,test
DE-1-201421387,4.0,4.029043802088519,test
GB-GOV-1-300303,1.0,4.394633692364326,test
44000-P154908,4.0,3.2567334195026962,test
XM-DAC-46004-44240-014-GRNT0499,4.0,4.468373405539653,test
44000-P151502,3.0,3.0135575480762524,test
44000-P156778,2.0,3.387580049735994,test
44000-P159515,4.0,3.280647965695763,test
44000-P156584,4.0,3.3539941964053046,test
DE-1-201621564,4.0,4.0399849863634785,test
44000-P159010,2.0,3.1545703290134934,test
44000-P159297,4.0,3.2018551831267756,test
DE-1-201522309,4.0,4.187294622042046,test
44000-P160123,3.0,3.172733810260746,test
44000-P154548,4.0,3.22545121132474,test
DE-1-200866657,4.0,4.110828446355447,test
44000-P151835,4.0,3.0900638746481377,test
44000-P158463,3.0,3.3739755725549476,test
44000-P154683,2.0,3.165543890790354,test
44000-P156738,4.0,2.9419139391020352,test
44000-P154389,3.0,3.5686419925755795,test
44000-P128605,3.0,3.2470435910565416,test
44000-P157060,3.0,3.085779905319941,test
44000-P151357,2.0,2.8295880396165654,test
44000-P161167,3.0,3.096609497792757,test
44000-P155522,2.0,3.507618055915114,test
DE-1-201522093,4.0,4.234966767826867,test
DE-1-201521160,4.7,4.1642280956259725,test
44000-P147342,0.0,2.875926337377175,test
44000-P156892,4.0,3.0778161519984906,test
DE-1-201521178,4.0,4.0851264934338385,test
44000-P155694,4.0,3.5293987978336827,test
44000-P155605,2.0,3.400733487154405,test
DE-1-201621127,3.0,4.258410450954438,test
GB-1-205135,4.0,3.9368296038780093,test
XM-DAC-46004-48434-003-GRNT0495,2.0,4.289415279823531,test
44000-P159969,3.0,3.0261501907487065,test
44000-P160359,4.0,3.2992593168508018,test
44000-P160033,3.0,3.2253106198414896,test
44000-P154947,2.0,3.9601924698476823,test
DE-1-201567981,2.0,4.27975842637221,test
44000-P152698,4.0,3.362351939976009,test
44000-P151030,2.0,3.16388068102558,test
44000-P153604,4.0,3.837633013190125,test
44000-P154275,3.0,3.209251857939722,test
XM-DAC-46004-43237-013-GRNT0462,4.0,4.344810603629641,test
DE-1-201640705,4.0,4.1483372271676,test
44000-P153370,2.0,3.248427381740714,test
44000-P157055,4.0,3.4445945666152835,test
GB-GOV-1-300083,4.0,3.9940165423011464,test
44000-P155303,3.0,3.3545371197791596,test
44000-P160929,3.0,3.483434310773624,test
44000-P151086,4.0,3.803026107616404,test
44000-P161067,3.0,3.032370278406678,test
44000-P159807,3.0,3.354651959827807,test
44000-P153012,3.0,3.030991828111242,test
44000-P155842,1.0,3.339702938213813,test
44000-P160801,4.0,3.1556193266028725,test
44000-P161490,4.0,3.3227568023733354,test
44000-P156208,3.0,2.989381215313104,test
44000-P153753,3.0,2.804447709696634,test
44000-P147921,3.0,3.3297326879215037,test
GB-1-204804,4.0,4.438484878189887,test
GB-GOV-1-300368,4.0,3.8835083041814684,test
44000-P158434,4.0,3.2257309756026586,test
44000-P158798,4.0,3.42697360629268,test
44000-P155038,3.0,3.371773229438854,test
44000-P159397,3.0,3.80485123222601,test
44000-P163830,5.0,3.4253833457843537,test
44000-P159956,3.0,3.4184678940600848,test
44000-P160658,1.0,3.3115277327151302,test
44000-P158505,4.0,3.3739569069102178,test
44000-P160170,3.0,3.0911940144377796,test
44000-P163586,3.0,3.1159069505250954,test
44000-P153042,4.0,3.4000460215090644,test
44000-P152343,4.0,3.3160269561192566,test
44000-P157127,1.0,3.462081971332116,test
44000-P161015,4.0,3.046637206823011,test
44000-P162760,4.0,3.147044575312865,test
44000-P157782,3.0,3.077855946276079,test
44000-P156651,3.0,3.2403809275137085,test
44000-P159023,3.0,3.417968240926916,test
DE-1-201621655,2.0,3.510100351557161,test
44000-P158298,4.0,3.2842497841648868,test
GB-GOV-1-300196,4.0,3.8815100878196924,test
44000-P153115,5.0,3.7543967840764023,test
44000-P156210,3.0,3.199629101074245,test
44000-P162071,3.0,3.359216827622126,test
DE-1-201621424,4.7,4.069916451161539,test
GB-GOV-1-300044,4.0,4.0018209130473,test
XM-DAC-46004-40156-033-LN3549,4.0,4.47846163269191,test
DE-1-201620780,2.0,4.1169992629571865,test
44000-P164190,5.0,3.037229224726887,test
GB-1-204764,4.0,4.572195835291164,test
44000-P164137,3.0,3.239259878023254,test
44000-P161794,3.0,3.2355675082520423,test
44000-P160700,2.0,3.2163704378880706,test
44000-P162671,4.0,3.3972672167249653,test
44000-P154482,3.0,3.367427644372939,test
44000-P164079,4.0,3.1603488941616407,test
44000-P162279,3.0,3.0364383482612327,test
DE-1-201721109,3.0,3.9067087455921,test
44000-P163283,3.0,3.0982878543498065,test
44000-P161642,4.0,3.399247633741247,test
44000-P163657,3.0,3.1406655628244398,test
44000-P163794,4.0,3.2219627018566164,test
44000-P159844,3.0,2.941434231359902,test
44000-P162245,3.0,2.876944079573874,test
44000-P164661,4.0,3.1932992575782917,test
44000-P166075,4.0,3.039017549113964,test
44000-P157836,4.0,3.086589372509729,test
44000-P163452,4.0,3.511447867360787,test
44000-P151909,3.0,3.162318306573394,test
44000-P161184,4.0,3.4235367734631748,test
DE-1-201621515,4.0,3.8114191288963997,test
44000-P163250,4.0,3.5920994319776223,test
44000-P164290,2.0,3.2600590395408586,test
44000-P161320,5.0,3.37566402606795,test
44000-P163777,4.0,3.127840938909089,test
44000-P162956,4.0,3.1333398787712685,test
44000-P162849,3.0,3.4930182947941195,test
44000-P161876,3.0,3.3146049502914847,test
44000-P159870,5.0,3.8695290851258375,test
44000-P158713,4.0,3.8144446143901516,test
44000-P158760,4.0,3.630620948034814,test
44000-P159712,2.0,3.2236588552562897,test
44000-P166159,3.0,3.2966045366519787,test
44000-P161562,3.0,3.417355430061271,test
44000-P163138,5.0,3.9986234660816433,test
44000-P164289,2.0,3.217063957084358,test
44000-P166360,2.0,3.370421196325425,test
44000-P161483,2.0,3.107413208029163,test
44000-P156963,3.0,3.2419276864355746,test
44000-P161619,2.0,3.0228512963702086,test
44000-P159669,3.0,3.361315076203349,test
44000-P162580,5.0,3.1316092191019096,test
44000-P161772,4.0,3.2259874630171232,test
44000-P163383,4.0,3.4532908111849525,test
44000-P166425,3.0,3.3678635602809304,test
DE-1-201421627,3.75,4.297085448687858,test
44000-P163424,3.0,3.0790433399041235,test
44000-P166802,4.0,3.2384758007311,test
44000-P161929,3.0,3.1690136744941104,test
44000-P161996,3.0,3.5507384138724563,test
DE-1-201620715,2.0,3.853216321416429,test
44000-P161539,3.0,3.1860567149381445,test
44000-P167263,3.0,3.157510725245336,test
44000-P168630,3.0,3.296715440542357,test
44000-P166124,3.0,3.142370946165037,test
44000-P166739,3.0,2.7601115556938773,test
44000-P161540,3.0,3.0489784591559994,test
GB-GOV-1-300705,4.0,4.352051950693995,test
XM-DAC-46004-42184-022-LN3713,4.0,4.0884717328515165,test
XM-DAC-46004-51418-001-TA9682,4.0,4.791794641715208,test
44000-P167246,4.0,3.0484866904427848,test
44000-P164885,4.0,2.9090068399781233,test
DE-1-201920222,4.0,4.493842507225927,test
44000-P163305,3.0,3.4467286874675014,test
44000-P165313,4.0,3.413088221957846,test
44000-P165453,4.0,3.0869645755476465,test
44000-P166752,2.0,3.1915588975725004,test
44000-P160480,4.0,3.7279091353868172,test
44000-P162858,4.0,3.617165108362932,test
44000-P164588,4.0,3.5365891194842973,test
44000-P166839,3.0,3.5199031325415433,test
44000-P168130,2.0,3.4182421281340636,test
44000-P165220,4.0,3.323204286141817,test
44000-P165631,3.0,3.4892065647821293,test
44000-P169822,4.0,3.3865819953398892,test
44000-P164353,4.0,3.316773374973436,test
44000-P168280,4.0,3.1572759995859383,test
44000-P168446,3.0,3.235032975195304,test
44000-P169907,4.0,3.590371165945433,test
44000-P161923,4.0,3.1997703573445166,test
DE-1-201822378,3.0,3.8541125399722755,test
44000-P163939,3.0,3.0436905769919758,test
DE-1-201821313,5.0,4.303866120387561,test
44000-P166564,2.0,3.527110490623157,test
44000-P171851,3.0,3.4329309662168277,test
44000-P166322,2.0,3.1593342722562454,test
XM-DAC-46004-53165-001-LN3881,4.0,3.8816157198741927,test
44000-P169830,3.0,3.359095892224521,test
GB-GOV-1-300009,4.0,4.526173202837057,test
XM-DAC-46004-53028-001-LN3880,4.0,4.494960785797644,test
44000-P169867,2.0,3.3369445061669385,test
44000-P167748,3.0,3.3248767789420914,test
44000-P164047,5.0,3.9140596755349115,test
