activity_id,which_group,y_raw,y_z,pred_z
XM-DAC-46004-41171-022-GRNT0243,benefit_cost_ratios__ratio,0.0791812460476248,-0.9837514261724937,-0.12733753523725988
44000-P110020,benefit_cost_ratios__ratio,0.3979400086720376,0.010004021440477724,0.013563347044970628
44000-P121774,benefit_cost_ratios__ratio,0.0334237554869497,-1.1264039924561333,-0.2560970734909786
44000-P152936,benefit_cost_ratios__ratio,0.0791812460476248,-0.9837514261724937,0.07908975597520332
44000-P120660,benefit_cost_ratios__ratio,0.4471580313422192,0.16344506803803333,0.10618026426365836
44000-P150520,benefit_cost_ratios__ratio,0.7403626894942439,1.077533590358574,-0.1593291822486366
44000-P119085,benefit_cost_ratios__ratio,0.7937903846908186,1.2440986212862453,0.31854114344689743
44000-P060484,benefit_cost_ratios__ratio,0.6434526764861874,0.7754090226695154,0.1850197704670327
44000-P091031,benefit_cost_ratios__ratio,0.4683473304121572,0.22950437008979332,0.08144956780458681
44000-P111421,benefit_cost_ratios__ratio,0.3384564936046049,-0.17544050298528718,-0.030291465845287212
44000-P104960,benefit_cost_ratios__ratio,0.4471580313422192,0.16344506803803333,-0.12667054584632562
44000-P078091,benefit_cost_ratios__ratio,0.4471580313422192,0.16344506803803333,0.1406880025791843
44000-P127676,benefit_cost_ratios__ratio,1.505149978319906,3.461817957251927,0.1414275508552935
44000-P083702,benefit_cost_ratios__ratio,0.2671717284030138,-0.39767635045706845,-0.17158270891551164
44000-P164190,benefit_cost_ratios__ratio,0.380211241711606,-0.04526680029736672,0.1715707206504264
44000-P090592,benefit_cost_ratios__ratio,0.3424226808222063,-0.16307560320561143,-0.1175422573802372
44000-P093384,benefit_cost_ratios__ratio,0.380211241711606,-0.04526680029736672,-0.028635941896114965
44000-P133327,benefit_cost_ratios__ratio,0.4517864355242902,0.1778744811522611,0.01340654308361012
44000-P128605,benefit_cost_ratios__ratio,0.5987905067631151,0.6361712050198898,-0.017239288348276
44000-P146933,benefit_cost_ratios__ratio,0.380211241711606,-0.04526680029736672,0.13668081424142484
44000-P083187,benefit_cost_ratios__ratio,0.5477747053878226,0.4771254422818352,-0.08772025892391944
44000-P143594,benefit_cost_ratios__ratio,0.5185139398778874,0.3859027104346611,0.04896342118573368
44000-P111034,benefit_cost_ratios__ratio,1.568201724066995,3.6583867207324983,0.5633427512792026
44000-P118316,benefit_cost_ratios__ratio,0.1139433523068367,-0.8753778329850443,-0.004975609856648179
44000-P122139,benefit_cost_ratios__ratio,0.1139433523068367,-0.8753778329850443,0.07130784214116224
44000-P117617,benefit_cost_ratios__ratio,0.1643528557844371,-0.7182222515042742,-0.03957039671858639
44000-P123729,benefit_cost_ratios__ratio,0.2304489213782739,-0.5121625820888391,0.019089375643368905
44000-P126507,benefit_cost_ratios__ratio,-0.2006594505464183,-1.8561767499958604,0.02799792913588165
44000-P132982,benefit_cost_ratios__ratio,1.3729120029701067,3.049555695649371,-0.0020426728513924103
44000-P132173,benefit_cost_ratios__ratio,0.6627578316815741,0.8355943583901029,-0.08426084355625157
44000-P054221,benefit_cost_ratios__ratio,0.2068258760318497,-0.5858092790735369,-0.09133109865210862
44000-P161490,benefit_cost_ratios__ratio,1.1038037209559568,2.2105895161864573,0.2656247844138011
44000-P151909,benefit_cost_ratios__ratio,0.1760912590556812,-0.681626858483435,0.3623494564122415
44000-P113145,benefit_cost_ratios__ratio,0.6020599913279624,0.6463640796265461,0.33529774700349063
44000-P157127,benefit_cost_ratios__ratio,0.1643528557844371,-0.7182222515042742,0.027841341591381772
44000-P106603,benefit_cost_ratios__ratio,0.6444385894678386,0.7784826837300668,0.2817629903104718
44000-P154698,benefit_cost_ratios__ratio,0.9566485792052032,1.751821818147117,0.37972497384505266
44000-P123133,benefit_cost_ratios__ratio,0.5145477526602861,0.37353781065498554,-0.09051107036184142
44000-P157836,benefit_cost_ratios__ratio,0.4281347940287888,0.10413863342958128,0.05418446092721526
44000-P095485,benefit_cost_ratios__ratio,0.99563519459755,1.8733656499500615,0.10807731710382724
44000-P104456,benefit_cost_ratios__ratio,0.0253058652647702,-1.1517121520342288,0.07288861633186686
44000-P107137,benefit_cost_ratios__ratio,0.1238516409670858,-0.8444879658278984,-0.026355244054321283
44000-P155658,benefit_cost_ratios__ratio,1.1903316981702914,2.480347272866526,0.021098295226374426
44000-P070899,benefit_cost_ratios__ratio,0.0863598306747482,-0.9613716254711082,-0.14485428516215393
44000-P087925,benefit_cost_ratios__ratio,0.617000341120899,0.6929417921064632,-0.04662596258945932
44000-P126516,benefit_cost_ratios__ratio,0.568201724066995,0.5408082754180585,0.012661551331947987
44000-P120788,benefit_cost_ratios__ratio,0.6020599913279624,0.6463640796265461,0.27877197906053736
44000-P150631,benefit_cost_ratios__ratio,0.1583624920952496,-0.7368976802212793,0.02183802059391117
44000-P118179,benefit_cost_ratios__ratio,0.0644579892269184,-1.0296523342815567,-0.021696275386893157
44000-P158434,benefit_cost_ratios__ratio,0.5185139398778874,0.3859027104346611,0.0995163594943341
44000-P095050,benefit_cost_ratios__ratio,0.146128035678238,-0.7750395578370937,0.17849662969600352
44000-P088671,benefit_cost_ratios__ratio,0.3463529744506387,-0.15082260450585394,0.010300965422971084
44000-P158298,benefit_cost_ratios__ratio,0.3979400086720376,0.010004021440477724,0.13998407212301317
44000-P131235,benefit_cost_ratios__ratio,0.4166405073382809,0.06830429299898924,0.20952776780338112
44000-P126440,benefit_cost_ratios__ratio,1.2187979981117376,2.5690931959818344,0.510370379422293
44000-P091297,benefit_cost_ratios__ratio,0.041392685158225,-1.1015602290807385,-0.11072664601847826
44000-P163452,benefit_cost_ratios__ratio,1.5900612308037425,3.7265354477601873,0.098730556699484
GB-1-203161,benefit_cost_ratios__ratio,0.6106601630898799,0.673175789737502,0.16637950451828307
44000-P084148,benefit_cost_ratios__ratio,0.2227164711475832,-0.5362691022575072,0.20411865347676048
44000-P088220,benefit_cost_ratios__ratio,0.1139433523068367,-0.8753778329850443,0.1573580086865247
44000-P071340,benefit_cost_ratios__ratio,0.0492180226701816,-1.0771641255261521,0.2825140848711587
44000-P148523,benefit_cost_ratios__ratio,0.146128035678238,-0.7750395578370937,-0.07913868427885953
44000-P161320,benefit_cost_ratios__ratio,0.4471580313422192,0.16344506803803333,0.0719494529231248
44000-P145037,benefit_cost_ratios__ratio,0.4623979978989561,0.2109568592826291,0.19318431551863052
44000-P126813,benefit_cost_ratios__ratio,0.2944662261615929,-0.3125836125692389,-0.07675975919731269
44000-P154908,benefit_cost_ratios__ratio,0.3010299956639812,-0.29212054624858086,0.10249365280958476
44000-P119140,benefit_cost_ratios__ratio,0.2041199826559248,-0.5942451139376395,-0.14582965123066782
44000-P086446,benefit_cost_ratios__ratio,0.8061799739838872,1.2827241378126144,0.1456069123765168
44000-P040712,benefit_cost_ratios__ratio,0.2304489213782739,-0.5121625820888391,-0.03466423008994053
44000-P128891,benefit_cost_ratios__ratio,0.1553360374650618,-0.7463328899420749,0.02880732688125286
44000-P163383,benefit_cost_ratios__ratio,0.6720978579357175,0.8647126229186914,0.07567861941999303
44000-P127813,benefit_cost_ratios__ratio,0.2121876044039577,-0.5690936702710221,-0.11204105439147352
44000-P084967,benefit_cost_ratios__ratio,0.271841606536499,-0.38311763904586965,-0.02699483688487275
44000-P166802,benefit_cost_ratios__ratio,0.3344537511509309,-0.18791936658100625,0.3191770587466771
44000-P121186,benefit_cost_ratios__ratio,0.2355284469075489,-0.496326762786347,0.023690350304530854
44000-P163250,benefit_cost_ratios__ratio,0.1398790864012364,-0.7945211474089372,-0.06131485795453451
44000-P122841,benefit_cost_ratios__ratio,0.3010299956639812,-0.29212054624858086,-0.06554935209293374
44000-P149620,benefit_cost_ratios__ratio,0.3838153659804312,-0.03403066016264253,0.31062878451409937
XM-DAC-46004-45022-002-GRNT0420,economic_rate_of_return__percent,17.94,-0.30525546349267857,-0.1712675774228613
44000-P111760,economic_rate_of_return__percent,9.3,-0.5776717597243013,-0.04583685827323564
XM-DAC-46004-38164-013-LN2622,economic_rate_of_return__percent,44.0,0.516407578150387,-0.08223532423833396
44000-P110092,economic_rate_of_return__percent,18.0,-0.30336368365773675,-0.05183731286351921
XM-DAC-46004-41171-022-GRNT0243,economic_rate_of_return__percent,12.8,-0.4673179360193615,-0.11569802176229277
XM-DAC-46004-44240-014-GRNT0499,economic_rate_of_return__percent,22.7,-0.15517426325396058,-0.18878762229610524
44000-P144135,economic_rate_of_return__percent,3.2,-0.7700027096100533,0.1261441421612239
44000-P101432,economic_rate_of_return__percent,29.0,0.04346261941493098,-0.23997967020386085
44000-P101650,economic_rate_of_return__percent,38.0,0.3272295946562046,-0.2217968332083204
44000-P119694,economic_rate_of_return__percent,16.0,-0.3664230114891309,-0.07048800796266858
44000-P117365,economic_rate_of_return__percent,10.4,-0.5429891294170346,-0.045344610663532896
44000-P074011,economic_rate_of_return__percent,48.6,0.6614440321625936,0.1137404776830338
XM-DAC-46004-42022-013-LN2694,economic_rate_of_return__percent,20.7,-0.2182335910853547,-0.11742944319057634
XM-DAC-46004-39321-013-LN2572,economic_rate_of_return__percent,10.8,-0.5303772638507557,-0.21040206286257845
44000-P100968,economic_rate_of_return__percent,18.0,-0.30336368365773675,-0.11017683550205548
XM-DAC-46004-34473-013-LN2207,economic_rate_of_return__percent,12.9,-0.4641649696277918,-0.2399574936096074
44000-P112516,economic_rate_of_return__percent,5.1,-0.7100963481702289,-0.043575983696017354
44000-P122007,economic_rate_of_return__percent,13.0,-0.4610120032362221,0.06458298367268853
44000-P106909,economic_rate_of_return__percent,14.5,-0.4137175073626765,0.0016996367156068698
44000-P127837,economic_rate_of_return__percent,14.4,-0.4168704737542462,-0.08237482045782729
44000-P133312,economic_rate_of_return__percent,25.5,-0.06689120429000876,0.2577037880792327
44000-P102732,economic_rate_of_return__percent,26.0,-0.05112637233216022,-0.17152999241546446
XM-DAC-46004-47047-002-LN3400,economic_rate_of_return__percent,16.1,-0.36327004509756117,0.0831647820081663
XM-DAC-46004-40685-013-LN2838,economic_rate_of_return__percent,14.7,-0.40741157457953714,-0.18007472473970665
XM-DAC-46004-44036-013-LN2941,economic_rate_of_return__percent,14.0,-0.42948233932052504,-0.13218957665661174
XM-DAC-46004-40156-033-LN3549,economic_rate_of_return__percent,17.7,-0.3128225828324459,-0.08249885445016476
44000-P110020,economic_rate_of_return__percent,26.0,-0.05112637233216022,0.020412239936260776
44000-P121774,economic_rate_of_return__percent,13.4,-0.4484001376699433,-0.21216765580769828
44000-P115464,economic_rate_of_return__percent,29.0,0.04346261941493098,0.07068593752718774
44000-P148797,economic_rate_of_return__percent,26.07,-0.04891929585806142,0.26334286844628985
44000-P111598,economic_rate_of_return__percent,42.8,0.47857198145155044,0.2457274906457791
XM-DAC-46004-35242-013-LN2188,economic_rate_of_return__percent,39.8,0.3839829897044592,-0.0658837590394907
44000-P118064,economic_rate_of_return__percent,44.4,0.5290194437166658,-0.23977137106261204
44000-P164885,economic_rate_of_return__percent,13.0,-0.4610120032362221,0.1839716619534108
44000-P096926,economic_rate_of_return__percent,13.4,-0.4484001376699433,-0.1848270076966076
44000-P145578,economic_rate_of_return__percent,0.0,-0.870897634140284,-0.0642928528117176
44000-P109961,economic_rate_of_return__percent,10.04,-0.5543398084266855,-0.06672976204623042
44000-P095337,economic_rate_of_return__percent,18.8,-0.2781399525251791,-0.14090591735057095
44000-P120660,economic_rate_of_return__percent,12.0,-0.49254166715191916,0.09037159806668066
44000-P123323,economic_rate_of_return__percent,17.58,-0.3166061425023296,-0.035597828511896815
44000-P133305,economic_rate_of_return__percent,77.3,1.5663453865430994,0.30450731134786957
44000-P149872,economic_rate_of_return__percent,19.0,-0.2718340197420397,0.03884049240585517
44000-P106703,economic_rate_of_return__percent,65.0,1.1785305203800254,0.12850673136662202
44000-P125151,economic_rate_of_return__percent,10.5,-0.5398361630254648,-0.05659974433209279
44000-P119077,economic_rate_of_return__percent,18.3,-0.29390478448302765,0.06539378973707742
44000-P133017,economic_rate_of_return__percent,11.2,-0.5177653982844769,-0.13445817767048412
44000-P150520,economic_rate_of_return__percent,48.5,0.6582910657710238,-0.1404167474844364
44000-P119085,economic_rate_of_return__percent,35.21,0.2392618323314098,0.30944371724765607
44000-P126579,economic_rate_of_return__percent,13.3,-0.45155310406151294,-0.1308563630182454
44000-P123384,economic_rate_of_return__percent,25.0,-0.08265603624785729,-0.05992017246421824
44000-P091828,economic_rate_of_return__percent,11.7,-0.5020005663266284,-0.06842922229616474
44000-P096923,economic_rate_of_return__percent,24.0,-0.11418570016355437,-0.14210109739259705
44000-P150351,economic_rate_of_return__percent,12.7,-0.47047090241093126,-0.10914316407292024
44000-P096181,economic_rate_of_return__percent,12.0,-0.49254166715191916,0.002737676034015382
44000-P146344,economic_rate_of_return__percent,28.0,0.011932955499233915,0.127879681001054
44000-P110267,economic_rate_of_return__percent,15.0,-0.397952675404828,-0.2762132704199315
44000-P084773,economic_rate_of_return__percent,28.1,0.015085921890803666,0.014209706520328153
44000-P156208,economic_rate_of_return__percent,28.6,0.0308507538486522,0.21023176630572127
44000-P116748,economic_rate_of_return__percent,14.0,-0.42948233932052504,-0.04176805128750321
44000-P096801,economic_rate_of_return__percent,19.0,-0.2718340197420397,-0.15841444641957403
44000-P147921,economic_rate_of_return__percent,27.0,-0.019596708416463153,-0.040150300076684305
44000-P089866,economic_rate_of_return__percent,29.0,0.04346261941493098,-0.11711746366556211
44000-P104595,economic_rate_of_return__percent,31.0,0.10652194724632512,0.41438077733300893
44000-P096213,economic_rate_of_return__percent,0.0,-0.870897634140284,-0.11956672025160506
44000-P143996,economic_rate_of_return__percent,20.0,-0.24030435582634263,-0.015048311683953977
44000-P099992,economic_rate_of_return__percent,22.7,-0.15517426325396058,-0.2507362275149204
44000-P127203,economic_rate_of_return__percent,32.6,0.15696940951144048,0.2031389067659246
44000-P112759,economic_rate_of_return__percent,23.8,-0.12049163294669375,-0.08821808284659458
44000-P111479,economic_rate_of_return__percent,9.45,-0.5729423101369467,0.1412544117695491
44000-P095114,economic_rate_of_return__percent,16.6,-0.3475052131397126,-0.02277742083833266
44000-P094916,economic_rate_of_return__percent,15.0,-0.397952675404828,-0.03750790169776605
44000-P147381,economic_rate_of_return__percent,14.2,-0.42317640653738564,-0.007608049931396337
GB-1-204764,economic_rate_of_return__percent,28.0,0.011932955499233915,-0.12912848158844464
44000-P124351,economic_rate_of_return__percent,76.0,1.5253568234526933,-0.06805798044169781
44000-P104034,economic_rate_of_return__percent,37.1,0.2988528971320773,0.07994424744711441
44000-P096207,economic_rate_of_return__percent,14.0,-0.42948233932052504,-0.09523033861937166
44000-P114204,economic_rate_of_return__percent,13.1,-0.4578590368446524,0.12859673646599012
44000-P094919,economic_rate_of_return__percent,29.7,0.0655333841559189,-0.061279529556807745
44000-P119737,economic_rate_of_return__percent,32.65,0.15854589270722524,0.28654479043774544
44000-P149599,economic_rate_of_return__percent,37.0,0.29569993074050754,0.04271977775797291
44000-P130682,economic_rate_of_return__percent,33.0,0.16958127507771925,0.18071653412381333
44000-P060484,economic_rate_of_return__percent,0.354,-0.8597361331141272,0.1637251582132515
44000-P098948,economic_rate_of_return__percent,16.0,-0.3664230114891309,-0.19814499826450133
44000-P125021,economic_rate_of_return__percent,21.3,-0.19931579273593641,-0.063341845738793
44000-P091031,economic_rate_of_return__percent,36.78,0.2887634046790542,0.07023211753000357
44000-P089011,economic_rate_of_return__percent,22.5,-0.16148019603709995,0.17138955761249863
44000-P093988,economic_rate_of_return__percent,12.1,-0.48938870076034946,0.2979347152624403
44000-P094917,economic_rate_of_return__percent,0.3,-0.8614387349655749,-0.16210042785439324
44000-P162245,economic_rate_of_return__percent,16.8,-0.3411992803565732,0.1584147716398312
44000-P153604,economic_rate_of_return__percent,0.0,-0.870897634140284,-0.15065869156701012
44000-P126856,economic_rate_of_return__percent,14.5,-0.4137175073626765,-0.2177287441562174
44000-P124181,economic_rate_of_return__percent,16.5,-0.35065817953128237,-0.1089544168707448
44000-P084874,economic_rate_of_return__percent,35.0,0.2326406029091134,0.2176702280553539
44000-P165453,economic_rate_of_return__percent,48.0,0.6425262338131753,0.25855350669165
44000-P106702,economic_rate_of_return__percent,34.0,0.20111093899341634,0.04363091877940205
44000-P103881,economic_rate_of_return__percent,22.0,-0.17724502799494848,0.06769470311159262
44000-P099895,economic_rate_of_return__percent,10.09,-0.5527633252309005,-0.14229184346393275
44000-P157782,economic_rate_of_return__percent,13.2,-0.4547060704530827,0.06040052107436677
44000-P117102,economic_rate_of_return__percent,18.6,-0.2844458853083185,-0.08235171036935827
44000-P131084,economic_rate_of_return__percent,13.7,-0.4389412384952342,0.054635738728025615
44000-P125120,economic_rate_of_return__percent,15.0,-0.397952675404828,0.22936425350112974
44000-P113151,economic_rate_of_return__percent,26.0,-0.05112637233216022,-0.0439677804596713
44000-P097271,economic_rate_of_return__percent,52.0,0.7686448894759635,0.11384409629784731
44000-P162760,economic_rate_of_return__percent,41.2,0.4281245191864353,0.32638877825249835
44000-P102733,economic_rate_of_return__percent,10.0,-0.5556009949833133,-0.14473372354904065
44000-P103037,economic_rate_of_return__percent,16.0,-0.3664230114891309,0.1351467397176412
44000-P158194,economic_rate_of_return__percent,1.41,-0.8264408080191511,0.23192080791307912
44000-P120304,economic_rate_of_return__percent,27.5,-0.00383187645861462,0.16817194499895324
44000-P131558,economic_rate_of_return__percent,52.6,0.7875626878253819,-0.036620874459926636
44000-P148560,economic_rate_of_return__percent,28.8,0.03715668663179159,-0.015243728445750913
44000-P101103,economic_rate_of_return__percent,18.3,-0.29390478448302765,0.0726648934725223
44000-P133613,economic_rate_of_return__percent,8.0,-0.6186603228147074,0.08566356710698753
44000-P112893,economic_rate_of_return__percent,60.0,1.0208822008015401,-0.012193749515597856
44000-P089929,economic_rate_of_return__percent,29.0,0.04346261941493098,-0.07339493810716874
44000-P170595,economic_rate_of_return__percent,18.6,-0.2844458853083185,-0.013531281344508143
44000-P101556,economic_rate_of_return__percent,15.0,-0.397952675404828,0.2322279012633086
44000-P111421,economic_rate_of_return__percent,23.5,-0.1299505321214029,-0.013219010186450605
44000-P106663,economic_rate_of_return__percent,36.6,0.28308806517422874,0.026913081917289965
44000-P114827,economic_rate_of_return__percent,51.9,0.7654919230843938,0.011004254494093013
44000-P095315,economic_rate_of_return__percent,16.7,-0.34435224674814296,-0.16719684077778296
44000-P104960,economic_rate_of_return__percent,36.0,0.2641702668248105,-0.09253264843707498
44000-P126782,economic_rate_of_return__percent,28.1,0.015085921890803666,0.010804873662898583
44000-P105872,economic_rate_of_return__percent,17.4,-0.32228148200715506,-0.09543378588459216
44000-P095965,economic_rate_of_return__percent,26.33,-0.04072158323998024,0.06799804873266739
44000-P120211,economic_rate_of_return__percent,12.2,-0.4862357343687798,-0.23842996635375152
44000-P096925,economic_rate_of_return__percent,18.7,-0.28129291891674885,0.046633287310898344
44000-P121210,economic_rate_of_return__percent,12.0,-0.49254166715191916,-0.11585555586663052
44000-P063913,economic_rate_of_return__percent,12.42,-0.4792992083073264,0.010554266714481193
44000-P079633,economic_rate_of_return__percent,19.0,-0.2718340197420397,-0.09927952580868306
44000-P081348,economic_rate_of_return__percent,21.9,-0.18039799438651824,-0.09624358187216078
44000-P100047,economic_rate_of_return__percent,36.0,0.2641702668248105,-0.03890746957347274
44000-P119939,economic_rate_of_return__percent,36.6,0.28308806517422874,0.008213747637061525
44000-P114971,economic_rate_of_return__percent,15.0,-0.397952675404828,0.015820977761352245
44000-P150634,economic_rate_of_return__percent,36.53,0.28088098870012995,0.2387568938189114
44000-P143580,economic_rate_of_return__percent,15.8,-0.3727289442722703,0.019661031008432802
44000-P113766,economic_rate_of_return__percent,35.0,0.2326406029091134,-0.12481696041404196
44000-P074688,economic_rate_of_return__percent,27.0,-0.019596708416463153,0.008064868654178626
44000-P133184,economic_rate_of_return__percent,45.5,0.5637020740239326,0.2471922089435971
44000-P129920,economic_rate_of_return__percent,43.0,0.48487791423468996,0.08800740488636324
44000-P083702,economic_rate_of_return__percent,14.4,-0.4168704737542462,-0.15903945234128106
44000-P073977,economic_rate_of_return__percent,12.5,-0.47677683519407066,-0.06391765724141844
44000-P076735,economic_rate_of_return__percent,46.7,0.6015376707227692,0.05156998167936296
44000-P087046,economic_rate_of_return__percent,43.2,0.49118384701782947,0.055201065245687894
44000-P090675,economic_rate_of_return__percent,73.0,1.430767831705602,-0.1064444356613973
44000-P133288,economic_rate_of_return__percent,21.3,-0.19931579273593641,0.03323053855669582
44000-P040907,economic_rate_of_return__percent,34.0,0.20111093899341634,-0.002976071316232197
44000-P112334,economic_rate_of_return__percent,12.0,-0.49254166715191916,0.3637117266248078
44000-P132277,economic_rate_of_return__percent,18.3,-0.29390478448302765,-0.06390691570731934
44000-P131965,economic_rate_of_return__percent,25.0,-0.08265603624785729,0.3246122152284861
44000-P116410,economic_rate_of_return__percent,12.8,-0.4673179360193615,0.17688921445280775
44000-P148599,economic_rate_of_return__percent,34.8,0.22633467012597389,-0.046535635598944275
44000-P074191,economic_rate_of_return__percent,21.9,-0.18039799438651824,-0.11384341021787184
44000-P126537,economic_rate_of_return__percent,218.5,6.018333931439526,0.44083869776349993
44000-P151102,economic_rate_of_return__percent,12.0,-0.49254166715191916,-0.14015731366791562
44000-P096745,economic_rate_of_return__percent,26.4,-0.03851450676588144,0.0042603532046602815
44000-P077752,economic_rate_of_return__percent,15.0,-0.397952675404828,-0.14737889422333156
44000-P090991,economic_rate_of_return__percent,27.33,-0.009191919324283175,-0.1123924453908499
44000-P146007,economic_rate_of_return__percent,36.0,0.2641702668248105,-0.05200553914325069
44000-P090592,economic_rate_of_return__percent,15.0,-0.397952675404828,-0.09110162902472288
44000-P078342,economic_rate_of_return__percent,0.0,-0.870897634140284,-0.23829649956545293
44000-P113416,economic_rate_of_return__percent,41.0,0.4218185864032958,-0.16517417250513988
44000-P100311,economic_rate_of_return__percent,27.1,-0.016443742024893404,0.0008605350504249307
44000-P101829,economic_rate_of_return__percent,26.9,-0.022749674808032905,0.03488142293607367
44000-P073763,economic_rate_of_return__percent,52.0,0.7686448894759635,-0.03798927147091775
44000-P156422,economic_rate_of_return__percent,35.3,0.24209950208382242,-0.02685999928422123
44000-P147499,economic_rate_of_return__percent,11.0,-0.5240713310676163,0.136643817455284
44000-P111548,economic_rate_of_return__percent,17.4,-0.32228148200715506,0.03221057494950371
44000-P083813,economic_rate_of_return__percent,11.0,-0.5240713310676163,0.0722639208955746
44000-P118197,economic_rate_of_return__percent,19.0,-0.2718340197420397,-0.09058613235578297
44000-P113266,economic_rate_of_return__percent,21.2,-0.20246875912750617,-0.06488315964871585
44000-P108440,economic_rate_of_return__percent,21.0,-0.20877469191064557,0.047282428147308736
44000-P093806,economic_rate_of_return__percent,27.6,-0.0006789100670448683,-0.226079923799769
44000-P117082,economic_rate_of_return__percent,15.2,-0.3916467426216886,-0.07126153032845405
44000-P120014,economic_rate_of_return__percent,16.1,-0.36327004509756117,0.230796102914147
44000-P133445,economic_rate_of_return__percent,30.0,0.07499228333062805,0.1433114120901162
44000-P114069,economic_rate_of_return__percent,77.0,1.5568864873683903,-0.006221154975175013
44000-P075343,economic_rate_of_return__percent,23.9,-0.11733866655512411,0.020415693072869508
44000-P132846,economic_rate_of_return__percent,19.0,-0.2718340197420397,0.12165826456972526
44000-P107314,economic_rate_of_return__percent,46.0,0.5794669059817812,0.3349369174948002
44000-P133327,economic_rate_of_return__percent,41.5,0.43758341836114434,0.024105652190034556
44000-P147157,economic_rate_of_return__percent,14.0,-0.42948233932052504,0.08916215743722884
44000-P094692,economic_rate_of_return__percent,47.0,0.6109965698974782,0.4751741145277766
44000-P006043,economic_rate_of_return__percent,11.2,-0.5177653982844769,0.019435027557081597
44000-P117864,economic_rate_of_return__percent,18.3,-0.29390478448302765,0.004550447723820655
44000-P128605,economic_rate_of_return__percent,21.0,-0.20877469191064557,-0.028669563861492463
44000-P072644,economic_rate_of_return__percent,30.0,0.07499228333062805,0.17174254759429253
44000-P103238,economic_rate_of_return__percent,24.2,-0.10787976738041496,0.012038852737600539
44000-P089985,economic_rate_of_return__percent,15.0,-0.397952675404828,0.17252944495169037
44000-P132289,economic_rate_of_return__percent,10.0,-0.5556009949833133,-0.09040564420556477
44000-P100620,economic_rate_of_return__percent,12.0,-0.49254166715191916,0.15124844662850095
44000-P146933,economic_rate_of_return__percent,43.0,0.48487791423468996,0.11463647903897406
44000-P083187,economic_rate_of_return__percent,35.68,0.2540807743717874,-0.06088597926544424
44000-P082295,economic_rate_of_return__percent,29.3,0.05292151858964012,-0.16217790578079438
44000-P111034,economic_rate_of_return__percent,413.0,12.150853563042606,0.5497728631108858
44000-P159397,economic_rate_of_return__percent,46.0,0.5794669059817812,-0.038327757555342595
44000-P122139,economic_rate_of_return__percent,15.0,-0.397952675404828,0.0467817545099624
44000-P095171,economic_rate_of_return__percent,11.0,-0.5240713310676163,0.1456720416399877
44000-P086877,economic_rate_of_return__percent,12.0,-0.49254166715191916,-0.23613841380595882
44000-P130413,economic_rate_of_return__percent,19.9,-0.2434573222179124,0.003596742130261779
44000-P151416,economic_rate_of_return__percent,25.69,-0.06090056814602628,-0.10696883087926765
44000-P100332,economic_rate_of_return__percent,12.33,-0.48213687805973915,-0.007740027540766532
44000-P106424,economic_rate_of_return__percent,62.0,1.0839415286329341,-0.04330901822805424
44000-P118737,economic_rate_of_return__percent,13.9,-0.43263530571209474,0.012247937725046842
44000-P123729,economic_rate_of_return__percent,17.84,-0.3084084298842483,0.021819946408405542
44000-P132982,economic_rate_of_return__percent,147.0,3.7639629614671852,-0.01432845457915265
44000-P125032,economic_rate_of_return__percent,21.4,-0.19616282634436677,0.10423713032497801
44000-P086775,economic_rate_of_return__percent,28.0,0.011932955499233915,0.2206729296843437
44000-P146199,economic_rate_of_return__percent,12.3,-0.48308276797721006,0.07356418727511234
44000-P125996,economic_rate_of_return__percent,38.3,0.33668849383091365,0.04058303501557797
44000-P123994,economic_rate_of_return__percent,46.0,0.5794669059817812,-0.0698814258185089
44000-P119662,economic_rate_of_return__percent,13.28,-0.45218369733982694,0.12165135330909868
44000-P125496,economic_rate_of_return__percent,20.0,-0.24030435582634263,-0.08389957666735279
44000-P111163,economic_rate_of_return__percent,29.0,0.04346261941493098,-0.03141999561937184
44000-P066397,economic_rate_of_return__percent,37.6,0.3146177290899258,0.005766281244703839
44000-P087964,economic_rate_of_return__percent,25.0,-0.08265603624785729,-0.15489343902393068
44000-P093132,economic_rate_of_return__percent,26.6,-0.032208573982741934,0.1318542750149571
44000-P144029,economic_rate_of_return__percent,6.4,-0.6691077850798228,0.04542045641286561
44000-P132173,economic_rate_of_return__percent,23.0,-0.14571536407925142,-0.05003847261390063
44000-P127303,economic_rate_of_return__percent,12.0,-0.49254166715191916,0.3713910028717167
44000-P054221,economic_rate_of_return__percent,12.4,-0.47992980158564036,-0.10345153306544827
44000-P106956,economic_rate_of_return__percent,10.2,-0.5492950622001739,-0.08235385772049075
44000-P070958,economic_rate_of_return__percent,4.3,-0.7353200793027865,-0.10409723164275522
44000-P161490,economic_rate_of_return__percent,26.1,-0.04797340594059047,0.2524742347855959
44000-P085375,economic_rate_of_return__percent,52.11,0.7721131525066902,-0.18747300948201123
44000-P110679,economic_rate_of_return__percent,20.0,-0.24030435582634263,0.14458027318748834
44000-P151909,economic_rate_of_return__percent,13.0,-0.4610120032362221,0.3344378965363616
44000-P160929,economic_rate_of_return__percent,43.4,0.4974897798009687,0.03157480434389161
44000-P124978,economic_rate_of_return__percent,21.58,-0.1904874868395413,0.012829044197238222
44000-P070628,economic_rate_of_return__percent,24.3,-0.10472680098884522,0.011051199412369008
44000-P132562,economic_rate_of_return__percent,13.4,-0.4484001376699433,-0.042896374797642974
44000-P152659,economic_rate_of_return__percent,29.7,0.0655333841559189,0.18548036520808064
44000-P084871,economic_rate_of_return__percent,22.9,-0.14886833047082118,-0.07473149714070085
44000-P107992,economic_rate_of_return__percent,23.0,-0.14571536407925142,-0.09738866857487546
44000-P147348,economic_rate_of_return__percent,194.0,5.2458571655049475,-0.04930480922070511
44000-P116919,economic_rate_of_return__percent,9.8,-0.5619069277664527,-0.19218125797798624
44000-P114766,economic_rate_of_return__percent,16.0,-0.3664230114891309,-0.2223202153810144
44000-P071170,economic_rate_of_return__percent,16.6,-0.3475052131397126,-0.12477828829973635
44000-P111577,economic_rate_of_return__percent,45.0,0.5479372420660841,0.009346292452763232
44000-P101745,economic_rate_of_return__percent,27.0,-0.019596708416463153,0.2454446901027825
44000-P113145,economic_rate_of_return__percent,35.0,0.2326406029091134,0.31818239986663116
44000-P064925,economic_rate_of_return__percent,17.0,-0.33489334757343386,-0.027362337009632445
44000-P099811,economic_rate_of_return__percent,18.0,-0.30336368365773675,-0.21163338392382963
44000-P120910,economic_rate_of_return__percent,5.3,-0.7037904153870895,0.20686411150398654
44000-P114077,economic_rate_of_return__percent,28.0,0.011932955499233915,0.034012410755452374
44000-P131659,economic_rate_of_return__percent,18.0,-0.30336368365773675,-0.15556745180637324
44000-P050653,economic_rate_of_return__percent,29.0,0.04346261941493098,-0.1774353451195859
44000-P127156,economic_rate_of_return__percent,14.0,-0.42948233932052504,-0.03958176609582591
44000-P107833,economic_rate_of_return__percent,18.8,-0.2781399525251791,-0.09597459770778544
44000-P107649,economic_rate_of_return__percent,32.0,0.1380516111620222,0.033417844052643746
44000-P132621,economic_rate_of_return__percent,27.7,0.0024740563245247713,-0.022384614491843813
44000-P156584,economic_rate_of_return__percent,23.1,-0.14256239768768167,-0.043428915301172946
44000-P127035,economic_rate_of_return__percent,17.6,-0.31597554922401555,-0.06906054571268837
44000-P096965,economic_rate_of_return__percent,21.0,-0.20877469191064557,0.04913924102070605
44000-P071285,economic_rate_of_return__percent,31.1,0.10967491363789487,-0.012790746188990459
44000-P082337,economic_rate_of_return__percent,61.0,1.0524118647172371,-0.00018345135288030945
44000-P073477,economic_rate_of_return__percent,14.0,-0.42948233932052504,-0.2598546950082564
44000-P133828,economic_rate_of_return__percent,14.73,-0.4064656846620662,0.027169679165046548
44000-P096586,economic_rate_of_return__percent,21.7,-0.18670392716965764,0.05938025582156356
44000-P157127,economic_rate_of_return__percent,18.2,-0.2970577508745974,0.03473887889964071
44000-P065256,economic_rate_of_return__percent,54.0,0.8317042173073577,-0.22302223048196312
44000-P147277,economic_rate_of_return__percent,5.6,-0.6943315162123803,-0.015403305595524741
44000-P087154,economic_rate_of_return__percent,17.0,-0.33489334757343386,0.17398891043037634
44000-P149091,economic_rate_of_return__percent,9.2,-0.580824726115871,0.22921746564609913
44000-P065898,economic_rate_of_return__percent,27.7,0.0024740563245247713,0.07125746047529943
44000-P148970,economic_rate_of_return__percent,41.0,0.4218185864032958,0.06521103607305022
44000-P064836,economic_rate_of_return__percent,48.0,0.6425262338131753,-0.1818493403234317
44000-P133591,economic_rate_of_return__percent,17.3,-0.3254344483987247,-0.008632101404584865
44000-P106603,economic_rate_of_return__percent,180.0,4.804441870685189,0.2850453791040114
44000-P101258,economic_rate_of_return__percent,22.0,-0.17724502799494848,-0.0907109683540567
44000-P123961,economic_rate_of_return__percent,21.82,-0.18292036749977397,-0.010052072187677865
44000-P092837,economic_rate_of_return__percent,22.0,-0.17724502799494848,0.3295533709188848
44000-P114338,economic_rate_of_return__percent,14.0,-0.42948233932052504,0.021869625233840277
44000-P154698,economic_rate_of_return__percent,16.5,-0.35065817953128237,0.35716055140877523
44000-P132306,economic_rate_of_return__percent,52.0,0.7686448894759635,0.23257499577150811
44000-P151030,economic_rate_of_return__percent,21.0,-0.20877469191064557,-0.09897602607796219
44000-P064918,economic_rate_of_return__percent,11.0,-0.5240713310676163,-0.028077364991487084
44000-P127743,economic_rate_of_return__percent,36.6,0.28308806517422874,-0.02182317484552622
44000-P085708,economic_rate_of_return__percent,16.08,-0.3639006383758752,-0.005798728654251113
44000-P108143,economic_rate_of_return__percent,6.5,-0.665954818688253,0.23079697984620587
44000-P133456,economic_rate_of_return__percent,13.5,-0.4452471712783736,-0.12692414122207343
44000-P123133,economic_rate_of_return__percent,13.78,-0.43641886538197844,-0.08034749452356643
44000-P049395,economic_rate_of_return__percent,21.0,-0.20877469191064557,0.05081426000523911
44000-P120026,economic_rate_of_return__percent,17.3,-0.3254344483987247,-0.09455763760636371
44000-P100406,economic_rate_of_return__percent,15.0,-0.397952675404828,-0.024635797481810127
44000-P157836,economic_rate_of_return__percent,54.1,0.8348571836989275,0.04654110135435837
44000-P123146,economic_rate_of_return__percent,16.0,-0.3664230114891309,0.0976309864107729
44000-P097974,economic_rate_of_return__percent,17.6,-0.31597554922401555,0.2118138886535779
44000-P122770,economic_rate_of_return__percent,21.4,-0.19616282634436677,0.07791206228545422
44000-P120161,economic_rate_of_return__percent,7.2,-0.6438840539472651,-0.21873738069884638
44000-P095485,economic_rate_of_return__percent,48.2,0.6488321665963148,0.08507487754599746
44000-P070519,economic_rate_of_return__percent,18.7,-0.28129291891674885,0.0821403202400941
44000-P087004,economic_rate_of_return__percent,11.0,-0.5240713310676163,0.019826865856889742
44000-P154464,economic_rate_of_return__percent,9.13,-0.5830318025899697,0.04294038467809499
44000-P088032,economic_rate_of_return__percent,36.8,0.28939399795736803,-0.02680701195986336
44000-P120664,economic_rate_of_return__percent,16.4,-0.3538111459228521,-0.1573637756260307
44000-P151086,economic_rate_of_return__percent,105.0,2.439717077007908,-0.0717051457462097
44000-P122178,economic_rate_of_return__percent,28.1,0.015085921890803666,-0.11795189516384444
44000-P113949,economic_rate_of_return__percent,13.2,-0.4547060704530827,3.551129546537635e-05
44000-P112998,economic_rate_of_return__percent,13.9,-0.43263530571209474,0.3189277319547109
44000-P157055,economic_rate_of_return__percent,15.4,-0.3853408098385491,-0.0023144387257208812
44000-P093826,economic_rate_of_return__percent,20.5,-0.2245395238684941,-0.10836280104651
44000-P113844,economic_rate_of_return__percent,16.0,-0.3664230114891309,-0.11784297648660536
44000-P117745,economic_rate_of_return__percent,22.0,-0.17724502799494848,-0.051425317935681544
44000-P155038,economic_rate_of_return__percent,12.4,-0.47992980158564036,-0.003339734773587323
44000-P118410,economic_rate_of_return__percent,34.8,0.22633467012597389,-0.010015562695336048
44000-P160359,economic_rate_of_return__percent,32.39,0.15034818008914405,0.014694892805885477
44000-P147760,economic_rate_of_return__percent,44.1,0.5195605445419568,-0.15028451220073116
44000-P164047,economic_rate_of_return__percent,22.0,-0.17724502799494848,-0.14225774385149725
44000-P118979,economic_rate_of_return__percent,49.0,0.6740558977288723,0.07327762663066516
44000-P071296,economic_rate_of_return__percent,18.0,-0.30336368365773675,-0.1415389285220628
44000-P127723,economic_rate_of_return__percent,25.0,-0.08265603624785729,0.050687131790966004
44000-P104456,economic_rate_of_return__percent,15.0,-0.397952675404828,0.08417299283943935
44000-P152822,economic_rate_of_return__percent,63.2,1.1217771253317708,-0.015319686383312242
44000-P086865,economic_rate_of_return__percent,7.0,-0.6501899867304045,0.023345279870615288
44000-P083588,economic_rate_of_return__percent,15.5,-0.3821878434469794,-0.0440047184988339
44000-P122153,economic_rate_of_return__percent,0.0,-0.870897634140284,0.2217790820585738
44000-P107137,economic_rate_of_return__percent,18.76,-0.27940113908180697,-0.03574845544159575
44000-P079734,economic_rate_of_return__percent,50.0,0.7055855616445694,0.013662659862689885
44000-P099894,economic_rate_of_return__percent,28.3,0.021391854673943056,-0.05652240619883737
44000-P112523,economic_rate_of_return__percent,21.7,-0.18670392716965764,-0.04436060519735215
44000-P079414,economic_rate_of_return__percent,30.8,0.10021601446318573,0.2694061857585466
44000-P161015,economic_rate_of_return__percent,14.4,-0.4168704737542462,0.16453977391104274
44000-P069258,economic_rate_of_return__percent,17.5,-0.3191285156155853,-0.11841813268889739
44000-P083908,economic_rate_of_return__percent,81.0,1.6830051430311785,0.30674038587493924
44000-P133261,economic_rate_of_return__percent,22.0,-0.17724502799494848,-0.0106455645121275
44000-P156892,economic_rate_of_return__percent,21.0,-0.20877469191064557,0.17842333945265998
44000-P160170,economic_rate_of_return__percent,10.2,-0.5492950622001739,0.1418317181873289
44000-P066051,economic_rate_of_return__percent,13.2,-0.4547060704530827,-0.060454863367590275
44000-P120830,economic_rate_of_return__percent,33.0,0.16958127507771925,0.16988821601481596
44000-P161067,economic_rate_of_return__percent,28.0,0.011932955499233915,0.1031995805519878
44000-P075207,economic_rate_of_return__percent,38.7,0.3493003593971926,-0.01437159356814486
44000-P083110,economic_rate_of_return__percent,25.0,-0.08265603624785729,0.042901103429279906
44000-P074030,economic_rate_of_return__percent,14.0,-0.42948233932052504,0.16591347765223133
44000-P118647,economic_rate_of_return__percent,31.5,0.12228677920417365,-0.037604137630151524
44000-P112578,economic_rate_of_return__percent,16.3,-0.35696411231442177,-0.006326726855267608
44000-P087925,economic_rate_of_return__percent,15.0,-0.397952675404828,-0.04762557718249466
44000-P126516,economic_rate_of_return__percent,6.0,-0.6817196506461016,0.007721310216823165
44000-P045499,economic_rate_of_return__percent,36.6,0.28308806517422874,-0.03258193075145139
44000-P153115,economic_rate_of_return__percent,20.0,-0.24030435582634263,-0.17129505721669117
44000-P087304,economic_rate_of_return__percent,12.0,-0.49254166715191916,-0.06456396980993774
44000-P090157,economic_rate_of_return__percent,81.0,1.6830051430311785,0.15882023510854534
44000-P083780,economic_rate_of_return__percent,19.0,-0.2718340197420397,-0.009346177494522283
44000-P145813,economic_rate_of_return__percent,47.7,0.6330673346384662,0.07286648584049714
44000-P106684,economic_rate_of_return__percent,13.0,-0.4610120032362221,-0.062232444559177896
44000-P149176,economic_rate_of_return__percent,17.0,-0.33489334757343386,0.13520937079864778
44000-P150631,economic_rate_of_return__percent,32.2,0.1443575439451617,0.03736280463247135
44000-P084022,economic_rate_of_return__percent,26.8,-0.025902641199602547,0.026605190550799844
44000-P118179,economic_rate_of_return__percent,14.3,-0.4200234401458159,-0.0009238181713626076
44000-P158434,economic_rate_of_return__percent,42.6,0.47226604866841115,0.08389083131006901
44000-P161929,economic_rate_of_return__percent,48.6,0.6614440321625936,0.1632605622341678
44000-P095050,economic_rate_of_return__percent,16.7,-0.34435224674814296,0.17618277919911907
44000-P096648,economic_rate_of_return__percent,21.1,-0.20562172551907582,0.09597741195567054
44000-P107355,economic_rate_of_return__percent,7.0,-0.6501899867304045,0.11537998208734805
44000-P107050,economic_rate_of_return__percent,28.51,0.02801308409623947,0.048437195073432984
44000-P082466,economic_rate_of_return__percent,24.0,-0.11418570016355437,0.04429425191205891
44000-P056256,economic_rate_of_return__percent,26.09,-0.04828870257974749,-0.0454140317270231
44000-P088671,economic_rate_of_return__percent,47.0,0.6109965698974782,0.020854374838192184
44000-P112033,economic_rate_of_return__percent,19.7,-0.2497632550010518,-0.06864746533265188
44000-P107139,economic_rate_of_return__percent,21.7,-0.18670392716965764,0.08827553021634435
44000-P110051,economic_rate_of_return__percent,83.0,1.7460644708625728,0.11495780388109894
44000-P127226,economic_rate_of_return__percent,15.6,-0.3790348770554097,0.04302948759824088
44000-P009127,economic_rate_of_return__percent,21.8,-0.18355096077808788,0.026906261826289673
44000-P086660,economic_rate_of_return__percent,17.0,-0.33489334757343386,0.010610457901908414
44000-P127759,economic_rate_of_return__percent,14.0,-0.42948233932052504,0.0950686640174763
44000-P158298,economic_rate_of_return__percent,11.4,-0.5114594655013375,0.11752370190131639
44000-P096556,economic_rate_of_return__percent,21.6,-0.18985689356122729,-0.26619442080671324
44000-P105176,economic_rate_of_return__percent,91.0,1.9983017821881492,0.2956101137004318
44000-P110538,economic_rate_of_return__percent,51.7,0.7591859903012546,0.23460633042018053
44000-P131235,economic_rate_of_return__percent,22.7,-0.15517426325396058,0.21493161512871456
44000-P126440,economic_rate_of_return__percent,141.85,3.601585192301345,0.4820523665762805
44000-P091297,economic_rate_of_return__percent,23.0,-0.14571536407925142,-0.0973043934998619
44000-P153420,economic_rate_of_return__percent,25.7,-0.06058527150686936,0.17963196119624075
44000-P163452,economic_rate_of_return__percent,146.4,3.745045163117767,0.09542682336219396
44000-P121167,economic_rate_of_return__percent,13.78,-0.43641886538197844,0.07426516789209231
44000-P084035,economic_rate_of_return__percent,24.3,-0.10472680098884522,-0.034969326184448764
44000-P155522,economic_rate_of_return__percent,15.9,-0.3695759778807006,0.009936790114272322
44000-P084002,economic_rate_of_return__percent,5.4,-0.7006374489955198,0.12815764699342347
44000-P087807,economic_rate_of_return__percent,0.845,-0.84425506813152,-0.07829804136136635
44000-P120629,economic_rate_of_return__percent,42.0,0.4533482503189929,0.025527337538760485
44000-P152460,economic_rate_of_return__percent,21.22,-0.20183816584919226,0.10696518788887358
44000-P084148,economic_rate_of_return__percent,38.88,0.3549756989020181,0.16542645153686336
44000-P079675,economic_rate_of_return__percent,78.0,1.5884161512840873,0.08914225504936436
44000-P095115,economic_rate_of_return__percent,25.0,-0.08265603624785729,-0.006913723454620182
44000-P088220,economic_rate_of_return__percent,14.0,-0.42948233932052504,0.16367541440876457
44000-P156559,economic_rate_of_return__percent,32.0,0.1380516111620222,0.4948175556561377
44000-P081567,economic_rate_of_return__percent,17.3,-0.3254344483987247,0.0889755302225024
44000-P143382,economic_rate_of_return__percent,90.0,1.9667721182724522,0.13700955610380777
44000-P071340,economic_rate_of_return__percent,17.0,-0.33489334757343386,0.2554515647093094
44000-P102627,economic_rate_of_return__percent,0.15,-0.8661681845529294,-0.08193245602587464
44000-P148523,economic_rate_of_return__percent,14.55,-0.41214102416689163,-0.07441428054975102
44000-P123923,economic_rate_of_return__percent,42.0,0.4533482503189929,-0.19294591589779364
44000-P161320,economic_rate_of_return__percent,45.8,0.5731609731986417,0.07906383702439329
44000-P145037,economic_rate_of_return__percent,26.8,-0.025902641199602547,0.18682861390453404
44000-P073370,economic_rate_of_return__percent,28.9,0.04030965302336123,0.0335833988867973
44000-P074288,economic_rate_of_return__percent,60.0,1.0208822008015401,0.05281080228422033
44000-P126813,economic_rate_of_return__percent,18.4,-0.290751818091458,-0.0690586847688576
44000-P147629,economic_rate_of_return__percent,21.1,-0.20562172551907582,0.1399714032971522
44000-P147514,economic_rate_of_return__percent,21.7,-0.18670392716965764,0.35500868210468195
44000-P074086,economic_rate_of_return__percent,15.0,-0.397952675404828,0.3380700677275007
44000-P114264,economic_rate_of_return__percent,28.1,0.015085921890803666,0.03242468901284657
44000-P154908,economic_rate_of_return__percent,20.6,-0.22138655747692434,0.08948664173505666
44000-P119140,economic_rate_of_return__percent,20.0,-0.24030435582634263,-0.12712092248424203
44000-P105256,economic_rate_of_return__percent,35.0,0.2326406029091134,0.13583229188287183
44000-P143940,economic_rate_of_return__percent,10.7,-0.5335302302423254,0.09430436843705961
44000-P084792,economic_rate_of_return__percent,24.7,-0.09211493542256644,-0.11614744647028116
44000-P107350,economic_rate_of_return__percent,10.4,-0.5429891294170346,0.344561858631357
44000-P084790,economic_rate_of_return__percent,20.8,-0.21508062469378494,-0.1479509148598494
44000-P130421,economic_rate_of_return__percent,27.95,0.010356472303449039,0.044590267619174034
44000-P086446,economic_rate_of_return__percent,16.7,-0.34435224674814296,0.11573292641836147
44000-P114348,economic_rate_of_return__percent,16.2,-0.3601170787059915,-0.05648592512752408
44000-P151077,economic_rate_of_return__percent,15.4,-0.3853408098385491,0.028676137796370824
44000-P040712,economic_rate_of_return__percent,30.3,0.08445118250533719,-0.028778613162205927
44000-P057761,economic_rate_of_return__percent,34.0,0.20111093899341634,0.23971565385437266
44000-P081436,economic_rate_of_return__percent,16.0,-0.3664230114891309,0.18840289550973816
44000-P122123,economic_rate_of_return__percent,11.0,-0.5240713310676163,0.3733505927371683
44000-P121152,economic_rate_of_return__percent,22.1,-0.17409206160337876,0.17479936544526
44000-P101988,economic_rate_of_return__percent,12.9,-0.4641649696277918,0.08981952682473267
44000-P104497,economic_rate_of_return__percent,76.8,1.5505805545852507,0.3463787811732108
44000-P151363,economic_rate_of_return__percent,0.27,-0.8623846248830458,-0.02430416548483435
44000-P074235,economic_rate_of_return__percent,0.0,-0.870897634140284,0.25436695303281376
44000-P128891,economic_rate_of_return__percent,23.1,-0.14256239768768167,0.036454371257589754
44000-P163383,economic_rate_of_return__percent,64.5,1.1627656884221769,0.06070086512256654
44000-P129408,economic_rate_of_return__percent,44.23,0.5236594008509973,0.008022714279357312
44000-P127813,economic_rate_of_return__percent,8.48,-0.6035260841351728,-0.09362607832669889
44000-P084302,economic_rate_of_return__percent,23.7,-0.12364459933826351,0.02338598534026881
44000-P133133,economic_rate_of_return__percent,14.0,-0.42948233932052504,0.11146121525874705
44000-P084967,economic_rate_of_return__percent,28.3,0.021391854673943056,-0.025917112115532874
44000-P166802,economic_rate_of_return__percent,24.92,-0.085178409361113,0.3051379247680042
44000-P086747,economic_rate_of_return__percent,14.7,-0.40741157457953714,-0.18358035027794273
44000-P099369,economic_rate_of_return__percent,15.0,-0.397952675404828,0.14912546535480026
44000-P150696,economic_rate_of_return__percent,41.35,0.43285396877378984,0.06784787988173695
44000-P123820,economic_rate_of_return__percent,23.0,-0.14571536407925142,-0.22752281827863602
44000-P121186,economic_rate_of_return__percent,28.5,0.02769778745708245,-0.0043181283560074606
44000-P056018,economic_rate_of_return__percent,23.6,-0.12679756572983314,-0.13373393276170067
44000-P110481,economic_rate_of_return__percent,11.6,-0.505153532718198,-0.05571037619198842
44000-P163250,economic_rate_of_return__percent,10.0,-0.5556009949833133,-0.04676159903261248
44000-P122841,economic_rate_of_return__percent,28.0,0.011932955499233915,-0.04925029451077724
44000-P113971,economic_rate_of_return__percent,22.0,-0.17724502799494848,0.3337933098077077
44000-P098078,economic_rate_of_return__percent,25.0,-0.08265603624785729,-0.14710991227119086
44000-P149620,economic_rate_of_return__percent,20.6,-0.22138655747692434,0.29622365482096075
44000-P075523,economic_rate_of_return__percent,13.0,-0.4610120032362221,-0.06993828433932121
XM-DAC-46004-45022-002-GRNT0420,financial_rate_of_return__percent,3.66,-0.713839866437748,-0.177055890205368
XM-DAC-46004-38164-013-LN2622,financial_rate_of_return__percent,4.1,-0.6990181153960644,-0.13438457967790945
44000-P110092,financial_rate_of_return__percent,18.0,-0.23078552567014893,-0.05664221648628924
44000-P144135,financial_rate_of_return__percent,-2.57,-0.9237023868688597,0.12929222515310496
44000-P101432,financial_rate_of_return__percent,28.0,0.10607245254993412,-0.2686409904677832
44000-P119694,financial_rate_of_return__percent,9.0,-0.5339577060682237,-0.08347785789514028
44000-P117365,financial_rate_of_return__percent,10.4,-0.48679758911741206,-0.03935214012665088
XM-DAC-46004-42022-013-LN2694,financial_rate_of_return__percent,14.3,-0.35542297761157965,-0.13967620273046014
XM-DAC-46004-39321-013-LN2572,financial_rate_of_return__percent,9.1,-0.5305891262860228,-0.23903084911334294
44000-P100968,financial_rate_of_return__percent,12.0,-0.43290031260219874,-0.1458324976813224
XM-DAC-46004-35340-013-LN2176,financial_rate_of_return__percent,4.2,-0.6956495356138636,-0.256574809809948
XM-DAC-46004-34473-013-LN2207,financial_rate_of_return__percent,1.23,-0.7956963551452282,-0.26701708280433084
44000-P106909,financial_rate_of_return__percent,14.5,-0.348685818047178,0.019202847634088818
XM-DAC-46004-44036-013-LN2941,financial_rate_of_return__percent,5.1,-0.6653323175740561,-0.14727989286555726
44000-P110020,financial_rate_of_return__percent,23.0,-0.0623565365601074,0.017099744585734617
44000-P148797,financial_rate_of_return__percent,17.22,-0.25706044797131544,0.3017011430467249
44000-P111598,financial_rate_of_return__percent,19.9,-0.1667825098083332,0.24204288733557972
XM-DAC-46004-35242-013-LN2188,financial_rate_of_return__percent,3.2,-0.7293353334358719,-0.11139073110445162
44000-P118064,financial_rate_of_return__percent,47.9,0.7764198292078993,-0.2602790976225855
44000-P164885,financial_rate_of_return__percent,0.0,-0.8371298864662984,0.197771346379045
44000-P145578,financial_rate_of_return__percent,0.0,-0.8371298864662984,-0.07300861738538356
44000-P071259,financial_rate_of_return__percent,24.0,-0.028670738738099097,0.45189049056009767
44000-P112626,financial_rate_of_return__percent,7.4,-0.5878549825834369,-0.16786128438035686
44000-P152936,financial_rate_of_return__percent,9.9,-0.5036404880284162,0.08272977245641759
44000-P123323,financial_rate_of_return__percent,17.58,-0.24493356075539247,-0.04876841169925818
44000-P119077,financial_rate_of_return__percent,16.2,-0.2914199617497639,0.042244764595424894
44000-P126579,financial_rate_of_return__percent,13.3,-0.38910877543358796,-0.14109545404439017
44000-P123384,financial_rate_of_return__percent,25.0,0.005015059083909209,-0.07639196859728938
44000-P096923,financial_rate_of_return__percent,24.0,-0.028670738738099097,-0.14933516049999607
44000-P150351,financial_rate_of_return__percent,10.3,-0.49016616889961284,-0.1311978692117954
44000-P146344,financial_rate_of_return__percent,19.4,-0.18362540871933736,0.1179515907135388
44000-P110267,financial_rate_of_return__percent,15.0,-0.33184291913617386,-0.30604433995148095
44000-P156208,financial_rate_of_return__percent,28.6,0.12628393124313916,0.2288807233442443
44000-P116748,financial_rate_of_return__percent,5.0,-0.6687008973562569,-0.05620636238616798
44000-P147921,financial_rate_of_return__percent,17.12,-0.26042902775351623,-0.06442224379648712
44000-P089866,financial_rate_of_return__percent,29.0,0.13975825037194242,-0.12247106880455683
44000-P113078,financial_rate_of_return__percent,10.5,-0.4834290093352112,-0.1687751585796844
44000-P127203,financial_rate_of_return__percent,44.0,0.645045217702067,0.21169248271596172
44000-P112759,financial_rate_of_return__percent,17.1,-0.26110274370995634,-0.09771685397022584
44000-P124351,financial_rate_of_return__percent,35.6,0.3620845159971973,-0.10549368426676285
44000-P104034,financial_rate_of_return__percent,66.0,1.3861327697862496,0.07887819647102079
44000-P114204,financial_rate_of_return__percent,46.2,0.7191539729104853,0.12293609854540721
44000-P094919,financial_rate_of_return__percent,29.65,0.16165401895624779,-0.06869690523320848
44000-P149599,financial_rate_of_return__percent,19.3,-0.18699398850153812,0.013191909994072576
44000-P097201,financial_rate_of_return__percent,1.9,-0.7731268706044827,0.0025677719814051585
44000-P098948,financial_rate_of_return__percent,16.0,-0.29815712131416555,-0.21744914817111788
44000-P088996,financial_rate_of_return__percent,0.94,-0.8054652365136106,-0.15617918816418364
44000-P125021,financial_rate_of_return__percent,8.3,-0.5575377645436295,-0.09016861561422196
44000-P091031,financial_rate_of_return__percent,36.78,0.4018337574271671,0.07854421230990194
44000-P112074,financial_rate_of_return__percent,18.0,-0.23078552567014893,-0.03275381498476282
44000-P094917,financial_rate_of_return__percent,0.0,-0.8371298864662984,-0.16864874875430913
44000-P153604,financial_rate_of_return__percent,0.0,-0.8371298864662984,-0.1649600991841996
44000-P124181,financial_rate_of_return__percent,16.5,-0.2813142224031614,-0.10777229671619057
44000-P084874,financial_rate_of_return__percent,16.0,-0.29815712131416555,0.22281986567698828
44000-P157782,financial_rate_of_return__percent,0.3,-0.827024147119696,0.061512419897341235
44000-P117102,financial_rate_of_return__percent,-6.5,-1.0560875723093524,-0.08813667378377824
44000-P125120,financial_rate_of_return__percent,2.6,-0.7495468121290768,0.2380087264300825
44000-P097271,financial_rate_of_return__percent,12.0,-0.43290031260219874,0.10677290783183878
44000-P102733,financial_rate_of_return__percent,7.0,-0.6013293017122403,-0.1496514309862131
44000-P131558,financial_rate_of_return__percent,14.2,-0.3587915573937805,-0.08098851631813384
44000-P084404,financial_rate_of_return__percent,7.0,-0.6013293017122403,0.18494418052210754
44000-P148560,financial_rate_of_return__percent,27.5,0.08922955363892997,-0.04205771474784131
44000-P112893,financial_rate_of_return__percent,26.0,0.03870085690591751,-0.04593495533171847
44000-P089929,financial_rate_of_return__percent,10.0,-0.5002719082462154,-0.07966487894174767
44000-P101556,financial_rate_of_return__percent,17.0,-0.26447132349215724,0.24855373754197846
44000-P114827,financial_rate_of_return__percent,51.9,0.9111630204959326,0.014647375512591248
44000-P104960,financial_rate_of_return__percent,5.0,-0.6687008973562569,-0.1171591640583668
44000-P105872,financial_rate_of_return__percent,17.4,-0.250997004363354,-0.11723382920522603
44000-P100047,financial_rate_of_return__percent,36.0,0.3755588351260006,-0.05033029174091849
44000-P119939,financial_rate_of_return__percent,26.3,0.04880659625252003,-0.007528464254428283
44000-P114971,financial_rate_of_return__percent,34.0,0.30818723948198395,0.013547523792489255
44000-P143580,financial_rate_of_return__percent,15.8,-0.3048942808785672,0.022229471541785988
44000-P113766,financial_rate_of_return__percent,16.0,-0.29815712131416555,-0.16885767787353217
44000-P133184,financial_rate_of_return__percent,20.8,-0.13646529176852565,0.24503246114358967
44000-P129920,financial_rate_of_return__percent,4.0,-0.7023866951782652,0.07049615430198353
44000-P083702,financial_rate_of_return__percent,-9.7,-1.1638821253397789,-0.17566444900257913
44000-P099626,financial_rate_of_return__percent,25.0,0.005015059083909209,0.14606594329811234
44000-P040907,financial_rate_of_return__percent,27.4,0.0858609738567291,-0.026384227763611986
44000-P112334,financial_rate_of_return__percent,7.7,-0.5777492432368345,0.36062082849003363
44000-P101279,financial_rate_of_return__percent,31.83,0.23508905820822587,-0.06580175057199508
44000-P116410,financial_rate_of_return__percent,12.8,-0.4059516743445921,0.17033812145272173
44000-P074191,financial_rate_of_return__percent,12.0,-0.43290031260219874,-0.1363845741249799
44000-P092631,financial_rate_of_return__percent,33.0,0.27450144165997564,-0.05134282611257198
44000-P126537,financial_rate_of_return__percent,218.5,6.523216937642516,0.4433444705875336
44000-P151102,financial_rate_of_return__percent,0.0,-0.8371298864662984,-0.1397667771817591
44000-P096745,financial_rate_of_return__percent,21.8,-0.10277949394651735,0.010305454928572065
44000-P146007,financial_rate_of_return__percent,10.0,-0.5002719082462154,-0.06907034001168555
44000-P078342,financial_rate_of_return__percent,0.0,-0.8371298864662984,-0.2391227043800347
44000-P100311,financial_rate_of_return__percent,27.5,0.08922955363892997,0.003606115306669204
44000-P111548,financial_rate_of_return__percent,17.4,-0.250997004363354,0.03485054564023178
44000-P118197,financial_rate_of_return__percent,19.0,-0.19709972784814062,-0.0845105169345182
44000-P125022,financial_rate_of_return__percent,6.5,-0.6181722006232444,-0.08776894959566163
44000-P114069,financial_rate_of_return__percent,59.0,1.1503321850321915,-0.03478404154091795
44000-P128605,financial_rate_of_return__percent,21.0,-0.12972813220412402,-0.018031141117930506
44000-P072644,financial_rate_of_return__percent,30.0,0.17344404819395073,0.2139133811950633
44000-P103238,financial_rate_of_return__percent,20.8,-0.13646529176852565,-0.01107671014308874
44000-P146933,financial_rate_of_return__percent,43.0,0.6113594198800587,0.13566406996625802
44000-P106424,financial_rate_of_return__percent,9.01,-0.5336208480900037,-0.07246794696545963
44000-P118737,financial_rate_of_return__percent,28.6,0.12628393124313916,0.014560004429344037
44000-P123729,financial_rate_of_return__percent,8.54,-0.5494531730663476,0.020208674593288133
44000-P125032,financial_rate_of_return__percent,21.0,-0.12972813220412402,0.12776474754414893
44000-P112158,financial_rate_of_return__percent,0.0,-0.8371298864662984,-0.2237322736198377
44000-P146199,financial_rate_of_return__percent,8.4,-0.5541691847614286,0.06806025105563004
44000-P125996,financial_rate_of_return__percent,19.7,-0.17351966937273483,0.008807952599687878
44000-P123994,financial_rate_of_return__percent,17.0,-0.26447132349215724,-0.10674872481150155
44000-P125496,financial_rate_of_return__percent,18.0,-0.23078552567014893,-0.09599768435994764
44000-P066397,financial_rate_of_return__percent,37.6,0.4294561116412139,-0.021437191105388193
44000-P093132,financial_rate_of_return__percent,26.6,0.058912335599122546,0.1378156332836405
44000-P144029,financial_rate_of_return__percent,19.6,-0.1768882491549356,0.04167387392956407
44000-P108444,financial_rate_of_return__percent,13.0,-0.39921451478019043,0.29681309718358284
44000-P151909,financial_rate_of_return__percent,13.0,-0.39921451478019043,0.3603765950313919
44000-P124978,financial_rate_of_return__percent,21.58,-0.11019036946735926,0.018045224688285143
44000-P122320,financial_rate_of_return__percent,6.5,-0.6181722006232444,0.0033717265825295092
44000-P152659,financial_rate_of_return__percent,27.7,0.09596671320333161,0.20098934651435166
44000-P084871,financial_rate_of_return__percent,16.6,-0.2779456426209605,-0.11065408528049245
44000-P107992,financial_rate_of_return__percent,20.0,-0.16341393002613233,-0.12132387727400432
44000-P117323,financial_rate_of_return__percent,17.0,-0.26447132349215724,-0.13145112522352026
44000-P114766,financial_rate_of_return__percent,20.8,-0.13646529176852565,-0.2633373972622386
44000-P071170,financial_rate_of_return__percent,19.4,-0.18362540871933736,-0.12107415443344757
44000-P113145,financial_rate_of_return__percent,35.0,0.34187303730399227,0.3346812824011629
44000-P099811,financial_rate_of_return__percent,18.0,-0.23078552567014893,-0.2221799944573536
44000-P114077,financial_rate_of_return__percent,37.0,0.4092446329480089,0.024019631927718575
44000-P156584,financial_rate_of_return__percent,11.1,-0.46321753064200627,-0.0780128754617432
44000-P127035,financial_rate_of_return__percent,13.9,-0.36889729674038296,-0.11042505400137201
44000-P096965,financial_rate_of_return__percent,21.0,-0.12972813220412402,0.0630846572102145
44000-P071285,financial_rate_of_return__percent,31.1,0.21049842579815992,-0.009620673849356356
44000-P082337,financial_rate_of_return__percent,61.0,1.217703780676208,-0.014113966105662769
44000-P073477,financial_rate_of_return__percent,14.0,-0.3655287169581822,-0.28413102022398906
44000-P133828,financial_rate_of_return__percent,12.57,-0.413699407843654,0.031215589790660046
44000-P096586,financial_rate_of_return__percent,19.0,-0.19709972784814062,0.05942522481275482
44000-P065256,financial_rate_of_return__percent,3.0,-0.7360724930002736,-0.24327422807797733
44000-P147277,financial_rate_of_return__percent,12.6,-0.4126888339089938,-0.03944344456250664
44000-P064836,financial_rate_of_return__percent,48.0,0.7797884089901003,-0.1912994577580222
44000-P133591,financial_rate_of_return__percent,17.3,-0.2543655841455547,-0.0022170342703165214
44000-P117152,financial_rate_of_return__percent,51.8,0.9077944407137317,0.10733117472399287
44000-P101258,financial_rate_of_return__percent,4.48,-0.6862175122237012,-0.09534204893954838
44000-P105288,financial_rate_of_return__percent,110.0,2.868307873954615,0.14633846988136165
44000-P085708,financial_rate_of_return__percent,12.22,-0.4254894370813569,-0.02861134281163574
44000-P095485,financial_rate_of_return__percent,47.7,0.7696826696434979,0.1075829816972372
44000-P154464,financial_rate_of_return__percent,5.61,-0.6481525606848318,0.05277586222190244
44000-P120664,financial_rate_of_return__percent,-6.8,-1.066193311655955,-0.19531521403357266
44000-P122178,financial_rate_of_return__percent,40.0,0.5103020264140338,-0.13551485986538975
44000-P099751,financial_rate_of_return__percent,15.0,-0.33184291913617386,-0.05257565298890005
44000-P093826,financial_rate_of_return__percent,25.9,0.035332277123716636,-0.10739162550822515
44000-P113844,financial_rate_of_return__percent,16.0,-0.29815712131416555,-0.13589191792162061
44000-P117745,financial_rate_of_return__percent,22.0,-0.09604233438211571,-0.044086008121922475
44000-P155038,financial_rate_of_return__percent,12.4,-0.41942599347339543,-0.029713996289729636
44000-P160359,financial_rate_of_return__percent,32.39,0.2539531049885506,0.009171046346531795
44000-P094311,financial_rate_of_return__percent,0.9,-0.806812668426491,-0.24738745779552485
44000-P118979,financial_rate_of_return__percent,52.0,0.9145316002781334,0.06452178244442175
44000-P071296,financial_rate_of_return__percent,10.4,-0.48679758911741206,-0.14395152739450007
44000-P086865,financial_rate_of_return__percent,-4.6,-0.9920845564475366,0.029158177501425395
44000-P107137,financial_rate_of_return__percent,15.65,-0.30994715055186844,-0.025763422756251604
44000-P079414,financial_rate_of_return__percent,30.8,0.20039268645155742,0.2957242482058514
44000-P161015,financial_rate_of_return__percent,14.6,-0.3453172382649772,0.16245276871712694
44000-P069258,financial_rate_of_return__percent,-7.0,-1.0729304712203567,-0.14775053002038302
44000-P133261,financial_rate_of_return__percent,12.0,-0.43290031260219874,-0.013099377420520954
44000-P087860,financial_rate_of_return__percent,5.6,-0.648489418663052,0.18799605507701672
44000-P066051,financial_rate_of_return__percent,23.3,-0.05225079721350489,-0.0607651309962265
44000-P120830,financial_rate_of_return__percent,33.0,0.27450144165997564,0.17050744890930528
44000-P089244,financial_rate_of_return__percent,49.0,0.8134742068121086,0.05807702715937047
44000-P075207,financial_rate_of_return__percent,38.7,0.4665104892454231,-0.003868978737576947
44000-P118647,financial_rate_of_return__percent,31.5,0.2239727449269632,-0.053833045469078085
44000-P112578,financial_rate_of_return__percent,10.6,-0.4800604295530104,-0.019343667365184912
44000-P087925,financial_rate_of_return__percent,15.0,-0.33184291913617386,-0.044173532393260634
44000-P120788,financial_rate_of_return__percent,47.0,0.746102611168092,0.28015023388590465
44000-P106684,financial_rate_of_return__percent,10.0,-0.5002719082462154,-0.06501803427119375
44000-P149176,financial_rate_of_return__percent,72.5,1.6050904556293035,0.14452510054893913
44000-P150631,financial_rate_of_return__percent,35.7,0.36545309577939816,0.021423433227930805
44000-P118179,financial_rate_of_return__percent,12.5,-0.4160574136911946,-0.015192846409294306
44000-P107355,financial_rate_of_return__percent,7.0,-0.6013293017122403,0.12309606903463777
44000-P082466,financial_rate_of_return__percent,24.0,-0.028670738738099097,0.06413596672344461
44000-P056256,financial_rate_of_return__percent,14.155,-0.3603074182957709,-0.04722218468978405
44000-P107139,financial_rate_of_return__percent,21.7,-0.10614807372871822,0.10202266869344989
44000-P110051,financial_rate_of_return__percent,83.0,1.9587913327603907,0.10054300275747591
44000-P127759,financial_rate_of_return__percent,14.0,-0.3655287169581822,0.09274617139060742
44000-P110538,financial_rate_of_return__percent,48.5,0.7966313079011044,0.24445210800198675
44000-P131235,financial_rate_of_return__percent,26.67,0.061270341446663136,0.21127770081507907
44000-P126440,financial_rate_of_return__percent,96.0,2.396706704446499,0.508547421285139
44000-P097975,financial_rate_of_return__percent,224.0,6.7084888256635615,0.3376199659073712
44000-P084035,financial_rate_of_return__percent,19.4,-0.18362540871933736,-0.04615303040001364
44000-P120629,financial_rate_of_return__percent,44.0,0.645045217702067,0.022559790309298416
44000-P084148,financial_rate_of_return__percent,47.69,0.7693458116652776,0.20635651141388467
44000-P081567,financial_rate_of_return__percent,25.0,0.005015059083909209,0.10239196789033425
44000-P143382,financial_rate_of_return__percent,90.0,2.194591917514449,0.12347231268946043
44000-P148523,financial_rate_of_return__percent,14.55,-0.34700152815607754,-0.07921269099096497
44000-P073370,financial_rate_of_return__percent,28.3,0.11617819189653664,0.04299509079093783
44000-P147514,financial_rate_of_return__percent,16.1,-0.29478854153196465,0.38310193917401736
44000-P105256,financial_rate_of_return__percent,35.0,0.34187303730399227,0.15720067402024515
44000-P084792,financial_rate_of_return__percent,22.2,-0.08930517481771406,-0.12846023390227743
44000-P084790,financial_rate_of_return__percent,20.8,-0.13646529176852565,-0.18110625928518892
44000-P130421,financial_rate_of_return__percent,16.0,-0.29815712131416555,0.035939394408499525
44000-P101988,financial_rate_of_return__percent,1.6,-0.7832326099510851,0.07968150220267335
44000-P104497,financial_rate_of_return__percent,76.8,1.7499393862639392,0.38272449609861814
44000-P074235,financial_rate_of_return__percent,0.0,-0.8371298864662984,0.2782264052085871
44000-P163383,financial_rate_of_return__percent,61.0,1.217703780676208,0.07743720827037971
44000-P084302,financial_rate_of_return__percent,22.8,-0.06909369612450904,0.022601904301646922
44000-P154387,financial_rate_of_return__percent,21.0,-0.12972813220412402,-0.06341759312840577
44000-P166802,financial_rate_of_return__percent,38.9,0.4732476488098246,0.3204344427910672
44000-P086747,financial_rate_of_return__percent,14.6,-0.3453172382649772,-0.20947064333128373
44000-P123820,financial_rate_of_return__percent,10.0,-0.5002719082462154,-0.2491640354417961
44000-P110481,financial_rate_of_return__percent,12.9,-0.4025830945623913,-0.033492339794393984
44000-P113971,financial_rate_of_return__percent,22.0,-0.09604233438211571,0.35615500753130835
44000-P098078,financial_rate_of_return__percent,25.0,0.005015059083909209,-0.157617661312724
44000-P149620,financial_rate_of_return__percent,10.5,-0.4834290093352112,0.3126549327959739
44000-P122007,co2_emission_reductions__tonnes_co2e,3.312805442961253,0.6172032381036735,0.08610743019320119
44000-P133312,co2_emission_reductions__tonnes_co2e,3.446674973654278,0.7118340314497845,0.2587369741227318
44000-P154299,co2_emission_reductions__tonnes_co2e,1.0268721464003012,-0.998696065270255,-0.15347988375136562
44000-P155824,co2_emission_reductions__tonnes_co2e,0.546306960285373,-1.3384019309825834,0.02775787823124507
XM-DAC-46004-35242-013-LN2188,co2_emission_reductions__tonnes_co2e,0.7906664545810029,-1.1656670846950048,-0.11651393061952081
44000-P152936,co2_emission_reductions__tonnes_co2e,3.292194797914746,0.6026338160549887,0.08047039078066932
44000-P120660,co2_emission_reductions__tonnes_co2e,2.2574105886291083,-0.12884294463727974,0.10726092620961422
44000-P123323,co2_emission_reductions__tonnes_co2e,1.9163182527256988,-0.36995709648139025,-0.047052663006973916
44000-P146344,co2_emission_reductions__tonnes_co2e,2.528623963784654,0.06287459350736518,0.1198352336513621
44000-P156208,co2_emission_reductions__tonnes_co2e,2.1186074552075778,-0.22696124360050984,0.22807405762124894
44000-P147921,co2_emission_reductions__tonnes_co2e,1.466310147921349,-0.6880625215871667,-0.07139164909187475
44000-P112759,co2_emission_reductions__tonnes_co2e,1.0,-1.0176916688225266,-0.09867028580026607
44000-P101578,co2_emission_reductions__tonnes_co2e,-0.5704290552342934,-2.1278094575476043,-0.05751708878756488
44000-P149599,co2_emission_reductions__tonnes_co2e,1.361329101236972,-0.7622723860919456,0.013367332532194227
44000-P128768,co2_emission_reductions__tonnes_co2e,2.7921305835807275,0.2491443171268096,0.17924786233779316
44000-P091031,co2_emission_reductions__tonnes_co2e,1.9773731377179755,-0.326798117925445,0.08270641195321062
44000-P103037,co2_emission_reductions__tonnes_co2e,1.1942387001274373,-0.8803866211658946,0.12628002300753893
44000-P130222,co2_emission_reductions__tonnes_co2e,1.1004337236850814,-0.9466962533473116,-0.03918203706210798
44000-P170595,co2_emission_reductions__tonnes_co2e,2.487281167921708,0.03364985841340149,0.00035290525867005124
44000-P095965,co2_emission_reductions__tonnes_co2e,1.2603671215884809,-0.8336412194812184,0.04895168275386786
44000-P143580,co2_emission_reductions__tonnes_co2e,2.01232109923575,-0.30209381585509604,0.020515269053496866
44000-P133184,co2_emission_reductions__tonnes_co2e,1.433825231788063,-0.7110257259067804,0.24593817956578645
44000-P083702,co2_emission_reductions__tonnes_co2e,2.2262872374130365,-0.15084367476548344,-0.1706584618370437
44000-P164190,co2_emission_reductions__tonnes_co2e,4.151962785147434,1.2103936722689128,0.1728860207517096
44000-P112334,co2_emission_reductions__tonnes_co2e,2.181219931690926,-0.18270122197863156,0.3615635555188377
44000-P132277,co2_emission_reductions__tonnes_co2e,4.744968845340338,1.629582666542649,-0.08984637228903344
44000-P116410,co2_emission_reductions__tonnes_co2e,1.3327149571574897,-0.7824993872709557,0.17184398496443082
44000-P074191,co2_emission_reductions__tonnes_co2e,1.9857476568148311,-0.3208782690851226,-0.1339221802386132
44000-P151102,co2_emission_reductions__tonnes_co2e,1.1253508764558935,-0.9290826117484988,-0.14174666058914218
44000-P146007,co2_emission_reductions__tonnes_co2e,7.986582488395402,3.9210411423873013,-0.07610944361136736
44000-P147827,co2_emission_reductions__tonnes_co2e,4.606511960994743,1.5317091269700094,-0.1045176074510702
44000-P113416,co2_emission_reductions__tonnes_co2e,1.641274419542487,-0.5643823402567377,-0.21950528579889045
44000-P162849,co2_emission_reductions__tonnes_co2e,-0.1535365489566023,-1.8331130587115547,-0.02155624549908773
44000-P108440,co2_emission_reductions__tonnes_co2e,2.480907584410625,0.029144447353923575,0.05622053165275782
44000-P133445,co2_emission_reductions__tonnes_co2e,1.6399748148914854,-0.5653010154662789,0.1550825397145008
44000-P006043,co2_emission_reductions__tonnes_co2e,4.236972672738466,1.2704861598077681,0.026437098431887195
44000-P154672,co2_emission_reductions__tonnes_co2e,1.3010299956639813,-0.8048971130846602,-0.012956235452484394
44000-P118316,co2_emission_reductions__tonnes_co2e,2.757199630893389,0.2244520383982151,-0.004070788485838111
44000-P110075,co2_emission_reductions__tonnes_co2e,2.669371852113705,0.16236761679217676,-0.0017242430397461372
44000-P106424,co2_emission_reductions__tonnes_co2e,1.69364739606073,-0.5273605004686881,-0.08156226636537582
44000-P118737,co2_emission_reductions__tonnes_co2e,2.0129746631563323,-0.3016318192230996,0.016416565227515886
44000-P086775,co2_emission_reductions__tonnes_co2e,2.336435099844339,-0.07298144910971266,0.25636347536977705
44000-P066397,co2_emission_reductions__tonnes_co2e,3.0400186056514182,0.42437343810833233,-0.021483371885729942
44000-P161490,co2_emission_reductions__tonnes_co2e,0.4431585333634466,-1.4113163381781098,0.26588628429524686
44000-P100101,co2_emission_reductions__tonnes_co2e,2.156751705978522,-0.19999752233129386,0.07740434288867062
44000-P110679,co2_emission_reductions__tonnes_co2e,6.884076944135674,3.1416929682234254,0.17841151510046555
44000-P124978,co2_emission_reductions__tonnes_co2e,3.660487439387798,0.8629755433002133,0.018642684522938262
44000-P132562,co2_emission_reductions__tonnes_co2e,3.272300403713052,0.5885707032861569,-0.05993574756544963
44000-P107992,co2_emission_reductions__tonnes_co2e,2.5222977453650883,0.05840266427279541,-0.12421994018710461
44000-P132621,co2_emission_reductions__tonnes_co2e,2.491393605567363,0.03655689211240749,-0.03604361390446468
44000-P156584,co2_emission_reductions__tonnes_co2e,1.459818832971545,-0.6926511556129932,-0.08084427443162123
44000-P096586,co2_emission_reductions__tonnes_co2e,1.3685054964419665,-0.7571994769086668,0.054695487291581364
44000-P104266,co2_emission_reductions__tonnes_co2e,2.217878150694891,-0.15678795904985204,-0.111854012374942
44000-P114338,co2_emission_reductions__tonnes_co2e,1.7426674211475333,-0.4927088225267697,0.015493774679789254
44000-P095012,co2_emission_reductions__tonnes_co2e,4.7140285206997525,1.6077113157433485,-0.06422942275576704
44000-P132306,co2_emission_reductions__tonnes_co2e,2.379684351984488,-0.04240906254451839,0.2525312200191609
44000-P127743,co2_emission_reductions__tonnes_co2e,1.438562665744622,-0.7076768896823376,-0.01984817726176006
44000-P085708,co2_emission_reductions__tonnes_co2e,1.05248889317048,-0.9805878889193032,-0.02947465862096843
44000-P147760,co2_emission_reductions__tonnes_co2e,1.0168204582791562,-1.005801485125299,-0.17561593911099777
44000-P164047,co2_emission_reductions__tonnes_co2e,1.636372466917236,-0.5678474727889214,-0.16918082909364512
44000-P090073,co2_emission_reductions__tonnes_co2e,1.206044636294643,-0.8720411440441582,-0.12656019207934072
44000-P112578,co2_emission_reductions__tonnes_co2e,2.470893583513522,0.022065668153341222,-0.02652789002489071
44000-P078707,co2_emission_reductions__tonnes_co2e,0.5490776649866907,-1.3364433524871173,-0.3124608862349262
44000-P126440,co2_emission_reductions__tonnes_co2e,5.134116528769848,1.9046665771315316,0.5104275809581336
44000-P153420,co2_emission_reductions__tonnes_co2e,7.131439694641907,3.316550780927332,0.20652895381357456
44000-P078301,co2_emission_reductions__tonnes_co2e,5.946668443009319,2.4790499478755708,0.10753541032566097
44000-P120629,co2_emission_reductions__tonnes_co2e,0.6509646857557678,-1.2644206184330282,0.02159061045216157
44000-P074288,co2_emission_reductions__tonnes_co2e,3.009124297518862,0.40253461583616806,0.04407765051679612
44000-P163383,co2_emission_reductions__tonnes_co2e,0.6288498107517206,-1.2800533629085573,0.07691471118153287
44000-P133133,co2_emission_reductions__tonnes_co2e,1.0563443445249274,-0.9778625158004917,0.12466476315096253
44000-P166802,co2_emission_reductions__tonnes_co2e,1.5659830694817027,-0.6176049081664572,0.3196502960216999
44000-P110481,co2_emission_reductions__tonnes_co2e,3.5955099956021126,0.8170437541678405,-0.029667597023032274
XM-DAC-46004-42022-013-LN2694,co2_emission_reductions__tonnes_co2e_per_year,2.330157394911267,-0.20209046308041545,-0.14600381071964647
44000-P100968,co2_emission_reductions__tonnes_co2e_per_year,2.818156422912589,0.10955788180283976,-0.1455288133421605
44000-P149872,co2_emission_reductions__tonnes_co2e_per_year,2.3848223133611124,-0.1671800833859168,0.03870810959705561
44000-P113078,co2_emission_reductions__tonnes_co2e_per_year,2.0840701161656487,-0.35924793413523165,-0.17267332628065202
44000-P158713,co2_emission_reductions__tonnes_co2e_per_year,4.397386660583277,1.118093681096125,-0.1698298980693772
44000-P094916,co2_emission_reductions__tonnes_co2e_per_year,2.835529481007545,0.12065274980499288,-0.06839604146504817
44000-P088996,co2_emission_reductions__tonnes_co2e_per_year,1.9343854487703216,-0.45484029430695705,-0.15553523841848688
44000-P153604,co2_emission_reductions__tonnes_co2e_per_year,3.9290904269795535,0.8190280318971942,-0.1663521561085904
44000-P084874,co2_emission_reductions__tonnes_co2e_per_year,7.964570261815452,3.3961860571647216,0.22743628878698535
44000-P131084,co2_emission_reductions__tonnes_co2e_per_year,3.461669039380163,0.520521081166157,0.04597707554373065
44000-P104960,co2_emission_reductions__tonnes_co2e_per_year,1.4226168779104769,-0.7816684618239371,-0.1265135246054684
44000-P113766,co2_emission_reductions__tonnes_co2e_per_year,0.9652019682610666,-1.0737850262790127,-0.17581280987998335
44000-P073977,co2_emission_reductions__tonnes_co2e_per_year,3.94125773038809,0.8267983751794198,-0.05425665159956115
44000-P131256,co2_emission_reductions__tonnes_co2e_per_year,2.495413128518218,-0.09655403184609983,-0.1283755900438205
44000-P118197,co2_emission_reductions__tonnes_co2e_per_year,2.7677089608069,0.07734087486905523,-0.08351104528003019
44000-P125022,co2_emission_reductions__tonnes_co2e_per_year,2.977185128699292,0.21111757783407425,-0.09495470369285892
44000-P075343,co2_emission_reductions__tonnes_co2e_per_year,3.2912480926934973,0.41168601609264033,0.00805510789048141
44000-P125996,co2_emission_reductions__tonnes_co2e_per_year,3.053746704414811,0.2600117087324885,0.008397528715770358
44000-P122320,co2_emission_reductions__tonnes_co2e_per_year,2.0986665692048696,-0.34992627534121656,0.0022549132104736427
44000-P115566,co2_emission_reductions__tonnes_co2e_per_year,2.903089986991944,0.1637985731803956,-0.03154261675347107
44000-P114766,co2_emission_reductions__tonnes_co2e_per_year,1.5713798523933913,-0.6866647177234784,-0.27455173653461235
44000-P127775,co2_emission_reductions__tonnes_co2e_per_year,2.4889044884440747,-0.10071061165498843,-0.18847934428647856
44000-P122047,co2_emission_reductions__tonnes_co2e_per_year,-0.0904102651976109,-1.7479253145154516,0.04377664655275652
44000-P127035,co2_emission_reductions__tonnes_co2e_per_year,2.721369843311032,0.047747559222330385,-0.11697025450528171
44000-P112780,co2_emission_reductions__tonnes_co2e_per_year,3.6919355580425472,0.6675750204272142,-0.08939582226850558
44000-P154698,co2_emission_reductions__tonnes_co2e_per_year,2.628770242326914,-0.01138885443354275,0.37987545056611016
44000-P154464,co2_emission_reductions__tonnes_co2e_per_year,4.589400243120134,1.2407183417185101,0.04200067660288271
44000-P169828,co2_emission_reductions__tonnes_co2e_per_year,3.5157270304539727,0.5550438619078863,-0.11797617158666271
44000-P151086,co2_emission_reductions__tonnes_co2e_per_year,1.7293196064299858,-0.5858004534269524,-0.1321994946458409
44000-P122178,co2_emission_reductions__tonnes_co2e_per_year,2.703535641295806,0.03635819321657731,-0.14340919294445387
44000-P156892,co2_emission_reductions__tonnes_co2e_per_year,3.3660766092701397,0.45947337222056417,0.20602533003121348
44000-P096556,co2_emission_reductions__tonnes_co2e_per_year,1.88266733123778,-0.48786877347321184,-0.31576291356409725
44000-P095115,co2_emission_reductions__tonnes_co2e_per_year,2.819490729769182,0.11041000342514441,-0.013901666505254564
44000-P154908,co2_emission_reductions__tonnes_co2e_per_year,1.7692454652403995,-0.5603028046564834,0.10259564613331698
44000-P161167,co2_emission_reductions__tonnes_co2e_per_year,8.080331807380299,3.470114266046962,0.04668385912212347
44000-P144135,generation_capacity__mw,7.911829518157613,2.163708685003858,0.12697685770623707
44000-P112516,generation_capacity__mw,5.041819866828377,-0.9783384241197524,-0.06021945305222677
44000-P133312,generation_capacity__mw,8.515596274076326,2.8247042287438293,0.25385099165563296
44000-P154299,generation_capacity__mw,6.494850021680094,0.6124190130222363,-0.15486585173378536
44000-P115464,generation_capacity__mw,6.190485699629047,0.2792051376689115,0.07744048526126572
44000-P155824,generation_capacity__mw,4.50876846686168,-1.5619157683645508,0.02123786413141416
44000-P164885,generation_capacity__mw,6.401939331326092,0.5107016665672296,0.19455153904192551
44000-P120660,generation_capacity__mw,6.780052930576305,0.9246552366864844,0.10981625672751957
44000-P133305,generation_capacity__mw,5.446717939860564,-0.5350615803393548,0.30864385251971627
44000-P146344,generation_capacity__mw,6.594203678513102,0.7211900305999752,0.1150649144406011
44000-P084773,generation_capacity__mw,6.050399443197122,0.12584063004573315,-0.0022289840196143516
44000-P156208,generation_capacity__mw,7.5775481243374685,1.797742010780327,0.22552891366765623
44000-P113078,generation_capacity__mw,5.934648149304994,-0.0008822951481362275,-0.17184109100569692
44000-P095114,generation_capacity__mw,5.686132780716583,-0.2729535040670193,-0.05492835088017494
44000-P094916,generation_capacity__mw,6.3774901282619325,0.48393501518243703,-0.06881219516746105
44000-P097201,generation_capacity__mw,5.938257835047697,0.0030695391766892943,-0.003153754016818649
44000-P088996,generation_capacity__mw,6.705040666500093,0.8425328412512215,-0.1530068573163494
44000-P128768,generation_capacity__mw,6.874341162964146,1.0278806972215668,0.17717680574641312
44000-P162245,generation_capacity__mw,6.49203480370987,0.6093369510923056,0.17454118630090135
44000-P165453,generation_capacity__mw,8.366259151287041,2.661211999814358,0.25897358609981525
44000-P131084,generation_capacity__mw,6.747851222552718,0.8894012494542487,0.04439508260840113
44000-P160658,generation_capacity__mw,6.230777380996433,0.32331591649625524,-0.15841557313692775
44000-P103037,generation_capacity__mw,5.632461295516551,-0.33171230818359293,0.123324469994995
44000-P148560,generation_capacity__mw,6.276670823800688,0.37355942673116116,-0.04572909175731333
44000-P133613,generation_capacity__mw,6.475861143628971,0.5916302503926759,0.08166743085026573
44000-P112893,generation_capacity__mw,5.386159631906984,-0.6013599833258528,-0.05091737738912086
44000-P101556,generation_capacity__mw,7.943796427269868,2.1987056176160045,0.24849583338842735
44000-P095965,generation_capacity__mw,6.100810299442535,0.18102974241021086,0.04589733895494113
44000-P100047,generation_capacity__mw,5.574701730896947,-0.3949466854454299,-0.05787189074105551
44000-P083702,generation_capacity__mw,5.855497882793125,-0.0875349187603248,-0.16920520512145173
44000-P154291,generation_capacity__mw,5.530177984021837,-0.44369067140781115,-0.12386399309490792
44000-P133288,generation_capacity__mw,7.21125585659238,1.39673027187215,0.011024632932153448
44000-P112334,generation_capacity__mw,7.533958633844646,1.7500208358610334,0.3581507020940729
44000-P116410,generation_capacity__mw,6.109630997210659,0.1906865210590045,0.16374541374306695
44000-P131256,generation_capacity__mw,5.69114297856872,-0.26746840833915103,-0.1311827798534082
44000-P113416,generation_capacity__mw,4.460818355084356,-1.6144108915159014,-0.22151404529552915
44000-P125184,generation_capacity__mw,7.244497872293619,1.433123173647635,-0.1152081103933891
44000-P093806,generation_capacity__mw,4.812632040404175,-1.2292501055940528,-0.25078433115534154
44000-P125022,generation_capacity__mw,5.913028145976292,-0.024551577558642915,-0.09535173820285617
44000-P133445,generation_capacity__mw,6.382410513008595,0.4893217847571895,0.15163833941102717
44000-P075343,generation_capacity__mw,5.956794341542566,0.023363051645708392,0.006744242186471371
44000-P006043,generation_capacity__mw,6.955177457492085,1.1163791611260832,0.027974512003502486
44000-P162071,generation_capacity__mw,5.310274217770523,-0.6844382914429296,-0.007897341903017923
44000-P103238,generation_capacity__mw,5.789340759212491,-0.159962828122299,-0.012405627108344763
44000-P159023,generation_capacity__mw,6.363633331507847,0.4687647846005563,-0.0569750156016438
44000-P143645,generation_capacity__mw,5.585646767202632,-0.3829642101713125,0.2036043479613585
44000-P157571,generation_capacity__mw,6.632017351690324,0.7625879201286075,-0.07178537421742884
44000-P086775,generation_capacity__mw,7.709460354255968,1.9421577065538609,0.25149513594732953
44000-P112158,generation_capacity__mw,4.540370858839991,-1.5273179040992317,-0.22882658740749262
44000-P144029,generation_capacity__mw,5.080425126210987,-0.9360739168962601,0.036622005953514995
44000-P100101,generation_capacity__mw,6.6583467300813854,0.7914129616124717,0.07559885119193949
44000-P122320,generation_capacity__mw,6.975603589835979,1.1387414099958675,0.003437165505760398
44000-P152659,generation_capacity__mw,5.937036466340746,0.001732401507807132,0.195652003910718
44000-P084871,generation_capacity__mw,5.236259089600229,-0.7654690361971074,-0.11242578015727973
44000-P114766,generation_capacity__mw,5.173439843721353,-0.8342426829406402,-0.2735916068074665
44000-P120910,generation_capacity__mw,6.487742628644302,0.6046379368397321,0.21772458988968374
44000-P114077,generation_capacity__mw,6.008478204462496,0.07994583421603696,0.022147927080778444
44000-P128867,generation_capacity__mw,6.494850021680094,0.6124190130222363,0.11167836230420504
44000-P112780,generation_capacity__mw,4.366237773482989,-1.7179564119507094,-0.09738248008314747
44000-P073477,generation_capacity__mw,4.290064064939823,-1.8013503408207487,-0.28323470488945807
44000-P085708,generation_capacity__mw,6.66091767123682,0.7942275926439107,-0.02805501224566639
44000-P097974,generation_capacity__mw,5.856204474726087,-0.0867613516264083,0.22956689045848497
44000-P169828,generation_capacity__mw,6.719847013109898,0.8587426259606469,-0.11773705235072676
44000-P130824,generation_capacity__mw,6.260209767474955,0.35553808857383623,-0.06026896239697378
44000-P104456,generation_capacity__mw,5.447444235312854,-0.5342664420633637,0.07006368699441806
44000-P086865,generation_capacity__mw,5.504731247835205,-0.47154940834091,0.02611230853029434
44000-P131263,generation_capacity__mw,6.155533217057495,0.24093964027946022,-0.01134813171061084
44000-P083908,generation_capacity__mw,6.23330801989616,0.3260864251722245,0.32022628467271697
44000-P160170,generation_capacity__mw,6.8549714644305375,1.0066750175633348,0.13137859549760444
44000-P112578,generation_capacity__mw,6.0081365834208045,0.07957183219622994,-0.029881141378946794
44000-P095240,generation_capacity__mw,7.20039296218239,1.3848377244161454,0.4017948748984031
44000-P078707,generation_capacity__mw,3.396848424370996,-2.779230544106283,-0.3122662618436378
44000-P169867,generation_capacity__mw,6.113357826598485,0.19476660263601006,0.23594393796241836
44000-P097975,generation_capacity__mw,6.253322590348842,0.34799810174169954,0.33093110528205893
44000-P173424,generation_capacity__mw,5.778325002929231,-0.17202272665560128,-0.0774144972060555
44000-P101988,generation_capacity__mw,5.920818762638265,-0.016022517543215656,0.07652693140443267
44000-P171851,generation_capacity__mw,6.394889354010516,0.5029834483258608,-0.1407174099723726
44000-P161167,generation_capacity__mw,5.557453062099961,-0.41383029090811446,0.04073210306691467
44000-P175126,generation_capacity__mw,5.954416261984912,0.020759562840041105,-0.09010216484041625
44000-P096367,water_connections__connections,6.5677965900031285,3.1814052735210745,0.2436398319746001
44000-P110092,water_connections__connections,3.0452618964693725,-0.4819030531410423,-0.0849037594769954
44000-P144135,water_connections__connections,4.431822575200462,0.9600697652224004,0.11341774996271133
44000-P101432,water_connections__connections,2.595360394695536,-0.9497842980444127,-0.2999402197831612
44000-P101650,water_connections__connections,2.6245325866383875,-0.9194462764353123,-0.28673029139488593
44000-P119694,water_connections__connections,3.2252644759706,-0.29470689875881234,-0.10743294749340852
44000-P117365,water_connections__connections,3.351130605286385,-0.1638106891590452,-0.05006233984827113
44000-P106909,water_connections__connections,3.422177540970925,-0.08992445276376719,0.012604879273846133
44000-P110020,water_connections__connections,3.386239228651591,-0.12729899417205254,0.0052915624525539315
44000-P121774,water_connections__connections,3.0198639996491106,-0.5083159447080617,-0.2723570042020461
44000-P148797,water_connections__connections,3.959829358265748,0.46921393776980763,0.2966152930547872
44000-P118064,water_connections__connections,1.7441115324716177,-1.8350522418267385,-0.29552023852295406
44000-P071259,water_connections__connections,6.629968493720381,3.2460617985483315,0.4507059210354898
44000-P109961,water_connections__connections,3.9585837018029575,0.46791850022573556,-0.06472019879287132
44000-P133018,water_connections__connections,2.607573877789287,-0.9370827185831754,-0.21456483011302455
44000-P106703,water_connections__connections,4.613247539565811,1.1487451482765354,0.10297910195029666
44000-P119077,water_connections__connections,3.521590751825008,0.013461681025205383,0.028408625880712416
44000-P112719,water_connections__connections,3.229560323451855,-0.29023937317928017,-0.13471925475922442
44000-P150520,water_connections__connections,2.229598977850397,-1.3301629061984086,-0.1761706801408744
44000-P123384,water_connections__connections,4.778752593260635,1.3208644016135926,-0.08958492459231199
44000-P159870,water_connections__connections,3.170276766132462,-0.35189212270675685,-0.19902529039731698
44000-P150351,water_connections__connections,3.4907664524310675,-0.018594472414711148,-0.15326500854064962
44000-P110267,water_connections__connections,3.3281745066213806,-0.1876841992032641,-0.31554061983499304
44000-P104595,water_connections__connections,4.319505973680519,0.8432645731186322,0.44616179255264
44000-P096213,water_connections__connections,3.8313386865369727,0.335588299246932,-0.13044147220617736
44000-P143996,water_connections__connections,3.0787467959439736,-0.44707997211137224,-0.052264144908942274
44000-P130682,water_connections__connections,3.247452478266537,-0.27163218108125153,0.17486326250596682
44000-P060484,water_connections__connections,4.395648275884732,0.9224498058965946,0.17086561331932906
44000-P122269,water_connections__connections,3.579132954162741,0.07330348452688425,0.04209393795726275
44000-P112074,water_connections__connections,2.078718697487115,-1.4870729256791373,-0.06193849499461781
44000-P093988,water_connections__connections,5.023318079321264,1.5752036372624818,0.3158174421855401
44000-P107612,water_connections__connections,2.997727249292097,-0.5313373622279375,-0.13483190521920835
44000-P162245,water_connections__connections,3.520063527310113,0.011873422918800565,0.1743481800951342
44000-P153604,water_connections__connections,6.000893074220416,2.591846177455088,-0.17338578582203792
44000-P103881,water_connections__connections,3.48064320127094,-0.02912228647311128,0.049559864041595944
44000-P157782,water_connections__connections,2.906086133454122,-0.6266407990770099,0.05292532230139072
44000-P117293,water_connections__connections,2.994474138273288,-0.5347204797042923,-0.08783573160886754
44000-P117102,water_connections__connections,3.670187293609593,0.1679966952102827,-0.0939091090649986
44000-P125120,water_connections__connections,3.214021796672445,-0.3063988774815558,0.2354343935980773
44000-P102733,water_connections__connections,2.894398904149988,-0.6387950936831175,-0.17336950460506723
44000-P095315,water_connections__connections,3.372523829972596,-0.14156251137075737,-0.2122530616147696
44000-P120211,water_connections__connections,2.5121989828052644,-1.036269150328151,-0.29419909079476453
44000-P156125,water_connections__connections,2.401492463969116,-1.1513999148349428,-0.18592385933847785
44000-P090675,water_connections__connections,2.411955151632169,-1.1405190991241183,-0.17266186571154057
44000-P087910,water_connections__connections,3.233509374931334,-0.2861325028640637,0.023796020416273808
44000-P090592,water_connections__connections,2.559892155456596,-0.9866699804976089,-0.14314096548813174
44000-P147827,water_connections__connections,3.122874979460171,-0.40118826168702715,-0.12465569142886361
44000-P071075,water_connections__connections,2.8606371958021635,-0.6739060459016888,0.12735583525229205
44000-P118197,water_connections__connections,2.87198832224777,-0.6621012860787361,-0.09662290225395369
44000-P088319,water_connections__connections,3.827349409529366,0.3314395958413546,0.11778192535753992
44000-P107314,water_connections__connections,4.815694094177435,1.3592822227797914,0.34690674102971975
44000-P147157,water_connections__connections,3.698405788170643,0.1973429061308237,0.06613541878476868
44000-P146933,water_connections__connections,7.291003737562061,3.933514477844177,0.12376913867195638
44000-P083187,water_connections__connections,3.731065579462712,0.23130790457552577,-0.10777577830785051
44000-P159397,water_connections__connections,3.9441927317841703,0.45295241333513875,-0.07407069285390451
44000-P094650,water_connections__connections,3.41923736307088,-0.09298213114600563,-0.1323431585172985
44000-P150395,water_connections__connections,3.3759762971306486,-0.13797207073979986,0.038688046575436626
44000-P151416,water_connections__connections,3.607599344515548,0.10290749808021557,-0.13052042112307488
44000-P086775,water_connections__connections,3.1705725742412687,-0.35158449300190947,0.22721339785595018
44000-P132173,water_connections__connections,3.02750393844441,-0.5003706854447859,-0.10990332167498905
44000-P085375,water_connections__connections,2.0647611902888565,-1.5015882269571308,-0.24204466062775234
44000-P064925,water_connections__connections,3.868652455112876,0.3743932652772656,-0.033673917629607
44000-P050653,water_connections__connections,2.931892056661343,-0.599803574865776,-0.23320548784715933
44000-P096965,water_connections__connections,4.465669184327661,0.9952690111723559,0.04098725499529869
44000-P071285,water_connections__connections,3.1855134855722467,-0.3360464870918003,-0.031820849781696095
44000-P065256,water_connections__connections,2.0173525424761984,-1.5508915012745448,-0.2666714798498882
44000-P087154,water_connections__connections,2.9552195238634864,-0.5755438550116555,0.17264354107750074
44000-P149091,water_connections__connections,4.279419645690916,0.8015762458527039,0.24731855468208885
44000-P148970,water_connections__connections,3.995415945377323,0.5062226977183265,0.04401923371906613
44000-P064836,water_connections__connections,1.623949464484861,-1.960016434518119,-0.2200052424144599
44000-P087912,water_connections__connections,3.714168216293753,0.21373525971013652,-0.014313870227408215
44000-P105288,water_connections__connections,2.947016159682911,-0.5840750562414144,0.11432326334669707
44000-P100406,water_connections__connections,4.898606595533351,1.4455082171352387,-0.012763312395228914
44000-P157836,water_connections__connections,4.1229141432915455,0.6388161994689175,0.03481115334265728
44000-P071391,water_connections__connections,3.703270860207307,0.20240240460345413,0.19560189160919456
44000-P097974,water_connections__connections,3.669117831368943,0.16688449326705826,0.22535062141283826
44000-P120161,water_connections__connections,2.887577820813696,-0.6458887729671183,-0.24779515468928628
44000-P154464,water_connections__connections,3.71146148564915,0.2109203580069376,0.0195184605926213
44000-P088032,water_connections__connections,3.4552244350360515,-0.05555688147445443,-0.04067504698279306
44000-P113949,water_connections__connections,3.0004046965371005,-0.5285529141982772,-0.03614557329522833
44000-P087860,water_connections__connections,4.182395105889557,0.7006742433267008,0.1831590689470312
44000-P090157,water_connections__connections,4.300400722141651,0.8233958044238102,0.15432926740263195
44000-P083780,water_connections__connections,2.842724098444537,-0.6925350174848394,-0.02475935413662211
44000-P126325,water_connections__connections,3.2246917691062924,-0.2953024931268694,-0.07827588280098688
44000-P158434,water_connections__connections,6.902429746821062,3.5294116202005434,0.08836046162109779
44000-P107050,water_connections__connections,3.4359976090169497,-0.07555208321948001,0.05687874066894078
44000-P056256,water_connections__connections,3.531381774656661,0.023643989671185753,-0.05456307421377235
44000-P169867,water_connections__connections,2.7133173262498222,-0.8271133672673362,0.23808922208865635
44000-P095229,water_connections__connections,3.976729830297145,0.48678981573938096,0.24613485915775984
44000-P096556,water_connections__connections,2.585639053507611,-0.9598941403081165,-0.31843878118172525
44000-P121167,water_connections__connections,3.1524705300378035,-0.3704099624520443,0.04990384436965814
44000-P084002,water_connections__connections,2.823989990846059,-0.7120178099422334,0.1208806003371791
44000-P152693,water_connections__connections,2.7836303951837755,-0.7539903256769298,-0.20027453111835297
44000-P152460,water_connections__connections,3.916862986972958,0.4245304699214237,0.09377971970720292
44000-P079675,water_connections__connections,3.128615652299389,-0.39521817013586247,0.08519710294073882
44000-P156559,water_connections__connections,4.245901172480886,0.7667182493558343,0.5163429546223803
44000-P083997,water_connections__connections,3.5224854987541203,0.014392185380972294,-0.018976582572502957
44000-P163138,water_connections__connections,3.1850901441165385,-0.3364867468520701,-0.11884743355232102
44000-P130421,water_connections__connections,3.763351650771636,0.26488424779176145,0.012774757878758423
44000-P086446,water_connections__connections,4.581996893989674,1.1162456102697753,0.13209816315060213
44000-P057761,water_connections__connections,6.008410850490964,2.5996643921231892,0.277029976253708
44000-P104497,water_connections__connections,5.26551383219222,1.8270784363391406,0.3777370717169893
44000-P150327,water_connections__connections,5.401536335792057,1.9685369068448864,0.09568679523360041
44000-P086747,water_connections__connections,3.0096219998857223,-0.5189672530071014,-0.22251989422536939
44000-P099369,water_connections__connections,4.19358835904392,0.7123148206524785,0.1543608740658381
44000-P150696,water_connections__connections,5.154886339579969,1.7120298562390937,0.05571489686770546
